Apple_Type,Max_Temperature_C,Min_Temperature_C,Optimal_CO2_Percent,Optimal_O2_Percent,Optimal_Humidity_Percent,Optimal_Temperature_C,Quantity_kg
Golden Delicious,1.0,0.0,2.5,2.0,91.0,0.75,100.0
Gala,3.0,0.0,2.5,1.5,87.5,1.5,100.0
Granny Smith,1.0,-0.5,1.25,1.75,91.0,0.25,100.0
Starkin Delicious,1.0,0.0,2.0,1.35,87.5,0.5,100.0
Starkrimson Delicious,5.0,0.0,2.0,2.5,91.0,2.5,100.0
JonaGold,1.5,0.0,2.5,2.6,89.0,0.75,100.0
Braeburn,2.0,0.0,1.0,1.75,89.5,1.0,100.0
Cripps Pink (Pink Lady),1.0,0.0,1.0,1.75,87.5,0.5,100.0
Summer Red,3.0,0.0,1.25,2.5,89.5,2.0,100.0
Red Chief,1.0,0.0,3.0,1.0,92.5,0.5,100.0
Vista Bella,3.0,1.0,2.1,2.2,87.5,2.0,100.0
Jersey Mac,2.0,0.0,2.1,2.2,87.5,1.0,100.0
Amasya,4.0,2.0,3.0,4.0,87.5,3.0,100.0
Honeycrisp,2.0,0.0,2.0,1.5,87.5,1.0,100.0
Golden Delicious,1.0,0.0,2.5,2.0,91.0,0.75,149.49494949494948
Gala,3.0,0.0,2.5,1.5,87.5,1.5,149.49494949494948
Granny Smith,1.0,-0.5,1.25,1.75,91.0,0.25,149.49494949494948
Starkin Delicious,1.0,0.0,2.0,1.35,87.5,0.5,149.49494949494948
Starkrimson Delicious,5.0,0.0,2.0,2.5,91.0,2.5,149.49494949494948
JonaGold,1.5,0.0,2.5,2.6,89.0,0.75,149.49494949494948
Braeburn,2.0,0.0,1.0,1.75,89.5,1.0,149.49494949494948
Cripps Pink (Pink Lady),1.0,0.0,1.0,1.75,87.5,0.5,149.49494949494948
Summer Red,3.0,0.0,1.25,2.5,89.5,2.0,149.49494949494948
Red Chief,1.0,0.0,3.0,1.0,92.5,0.5,149.49494949494948
Vista Bella,3.0,1.0,2.1,2.2,87.5,2.0,149.49494949494948
Jersey Mac,2.0,0.0,2.1,2.2,87.5,1.0,149.49494949494948
Amasya,4.0,2.0,3.0,4.0,87.5,3.0,149.49494949494948
Honeycrisp,2.0,0.0,2.0,1.5,87.5,1.0,149.49494949494948
Golden Delicious,1.0,0.0,2.5,2.0,91.0,0.75,198.989898989899
Gala,3.0,0.0,2.5,1.5,87.5,1.5,198.989898989899
Granny Smith,1.0,-0.5,1.25,1.75,91.0,0.25,198.989898989899
Starkin Delicious,1.0,0.0,2.0,1.35,87.5,0.5,198.989898989899
Starkrimson Delicious,5.0,0.0,2.0,2.5,91.0,2.5,198.989898989899
JonaGold,1.5,0.0,2.5,2.6,89.0,0.75,198.989898989899
Braeburn,2.0,0.0,1.0,1.75,89.5,1.0,198.989898989899
Cripps Pink (Pink Lady),1.0,0.0,1.0,1.75,87.5,0.5,198.989898989899
Summer Red,3.0,0.0,1.25,2.5,89.5,2.0,198.989898989899
Red Chief,1.0,0.0,3.0,1.0,92.5,0.5,198.989898989899
Vista Bella,3.0,1.0,2.1,2.2,87.5,2.0,198.989898989899
Jersey Mac,2.0,0.0,2.1,2.2,87.5,1.0,198.989898989899
Amasya,4.0,2.0,3.0,4.0,87.5,3.0,198.989898989899
Honeycrisp,2.0,0.0,2.0,1.5,87.5,1.0,198.989898989899
Golden Delicious,1.0,0.0,2.5,2.0,91.0,0.75,248.4848484848485
Gala,3.0,0.0,2.5,1.5,87.5,1.5,248.4848484848485
Granny Smith,1.0,-0.5,1.25,1.75,91.0,0.25,248.4848484848485
Starkin Delicious,1.0,0.0,2.0,1.35,87.5,0.5,248.4848484848485
Starkrimson Delicious,5.0,0.0,2.0,2.5,91.0,2.5,248.4848484848485
JonaGold,1.5,0.0,2.5,2.6,89.0,0.75,248.4848484848485
Braeburn,2.0,0.0,1.0,1.75,89.5,1.0,248.4848484848485
Cripps Pink (Pink Lady),1.0,0.0,1.0,1.75,87.5,0.5,248.4848484848485
Summer Red,3.0,0.0,1.25,2.5,89.5,2.0,248.4848484848485
Red Chief,1.0,0.0,3.0,1.0,92.5,0.5,248.4848484848485
Vista Bella,3.0,1.0,2.1,2.2,87.5,2.0,248.4848484848485
Jersey Mac,2.0,0.0,2.1,2.2,87.5,1.0,248.4848484848485
Amasya,4.0,2.0,3.0,4.0,87.5,3.0,248.4848484848485
Honeycrisp,2.0,0.0,2.0,1.5,87.5,1.0,248.4848484848485
Golden Delicious,1.0,0.0,2.5,2.0,91.0,0.75,297.979797979798
Gala,3.0,0.0,2.5,1.5,87.5,1.5,297.979797979798
Granny Smith,1.0,-0.5,1.25,1.75,91.0,0.25,297.979797979798
Starkin Delicious,1.0,0.0,2.0,1.35,87.5,0.5,297.979797979798
Starkrimson Delicious,5.0,0.0,2.0,2.5,91.0,2.5,297.979797979798
JonaGold,1.5,0.0,2.5,2.6,89.0,0.75,297.979797979798
Braeburn,2.0,0.0,1.0,1.75,89.5,1.0,297.979797979798
Cripps Pink (Pink Lady),1.0,0.0,1.0,1.75,87.5,0.5,297.979797979798
Summer Red,3.0,0.0,1.25,2.5,89.5,2.0,297.979797979798
Red Chief,1.0,0.0,3.0,1.0,92.5,0.5,297.979797979798
Vista Bella,3.0,1.0,2.1,2.2,87.5,2.0,297.979797979798
Jersey Mac,2.0,0.0,2.1,2.2,87.5,1.0,297.979797979798
Amasya,4.0,2.0,3.0,4.0,87.5,3.0,297.979797979798
Honeycrisp,2.0,0.0,2.0,1.5,87.5,1.0,297.979797979798
Golden Delicious,1.0,0.0,2.5,2.0,91.0,0.75,347.47474747474746
Gala,3.0,0.0,2.5,1.5,87.5,1.5,347.47474747474746
Granny Smith,1.0,-0.5,1.25,1.75,91.0,0.25,347.47474747474746
Starkin Delicious,1.0,0.0,2.0,1.35,87.5,0.5,347.47474747474746
Starkrimson Delicious,5.0,0.0,2.0,2.5,91.0,2.5,347.47474747474746
JonaGold,1.5,0.0,2.5,2.6,89.0,0.75,347.47474747474746
Braeburn,2.0,0.0,1.0,1.75,89.5,1.0,347.47474747474746
Cripps Pink (Pink Lady),1.0,0.0,1.0,1.75,87.5,0.5,347.47474747474746
Summer Red,3.0,0.0,1.25,2.5,89.5,2.0,347.47474747474746
Red Chief,1.0,0.0,3.0,1.0,92.5,0.5,347.47474747474746
Vista Bella,3.0,1.0,2.1,2.2,87.5,2.0,347.47474747474746
Jersey Mac,2.0,0.0,2.1,2.2,87.5,1.0,347.47474747474746
Amasya,4.0,2.0,3.0,4.0,87.5,3.0,347.47474747474746
Honeycrisp,2.0,0.0,2.0,1.5,87.5,1.0,347.47474747474746
Golden Delicious,1.0,0.0,2.5,2.0,91.0,0.75,396.969696969697
Gala,3.0,0.0,2.5,1.5,87.5,1.5,396.969696969697
Granny Smith,1.0,-0.5,1.25,1.75,91.0,0.25,396.969696969697
Starkin Delicious,1.0,0.0,2.0,1.35,87.5,0.5,396.969696969697
Starkrimson Delicious,5.0,0.0,2.0,2.5,91.0,2.5,396.969696969697
JonaGold,1.5,0.0,2.5,2.6,89.0,0.75,396.969696969697
Braeburn,2.0,0.0,1.0,1.75,89.5,1.0,396.969696969697
Cripps Pink (Pink Lady),1.0,0.0,1.0,1.75,87.5,0.5,396.969696969697
Summer Red,3.0,0.0,1.25,2.5,89.5,2.0,396.969696969697
Red Chief,1.0,0.0,3.0,1.0,92.5,0.5,396.969696969697
Vista Bella,3.0,1.0,2.1,2.2,87.5,2.0,396.969696969697
Jersey Mac,2.0,0.0,2.1,2.2,87.5,1.0,396.969696969697
Amasya,4.0,2.0,3.0,4.0,87.5,3.0,396.969696969697
Honeycrisp,2.0,0.0,2.0,1.5,87.5,1.0,396.969696969697
Golden Delicious,1.0,0.0,2.5,2.0,91.0,0.75,446.4646464646465
Gala,3.0,0.0,2.5,1.5,87.5,1.5,446.4646464646465
Granny Smith,1.0,-0.5,1.25,1.75,91.0,0.25,446.4646464646465
Starkin Delicious,1.0,0.0,2.0,1.35,87.5,0.5,446.4646464646465
Starkrimson Delicious,5.0,0.0,2.0,2.5,91.0,2.5,446.4646464646465
JonaGold,1.5,0.0,2.5,2.6,89.0,0.75,446.4646464646465
Braeburn,2.0,0.0,1.0,1.75,89.5,1.0,446.4646464646465
Cripps Pink (Pink Lady),1.0,0.0,1.0,1.75,87.5,0.5,446.4646464646465
Summer Red,3.0,0.0,1.25,2.5,89.5,2.0,446.4646464646465
Red Chief,1.0,0.0,3.0,1.0,92.5,0.5,446.4646464646465
Vista Bella,3.0,1.0,2.1,2.2,87.5,2.0,446.4646464646465
Jersey Mac,2.0,0.0,2.1,2.2,87.5,1.0,446.4646464646465
Amasya,4.0,2.0,3.0,4.0,87.5,3.0,446.4646464646465
Honeycrisp,2.0,0.0,2.0,1.5,87.5,1.0,446.4646464646465
Golden Delicious,1.0,0.0,2.5,2.0,91.0,0.75,495.95959595959596
Gala,3.0,0.0,2.5,1.5,87.5,1.5,495.95959595959596
Granny Smith,1.0,-0.5,1.25,1.75,91.0,0.25,495.95959595959596
Starkin Delicious,1.0,0.0,2.0,1.35,87.5,0.5,495.95959595959596
Starkrimson Delicious,5.0,0.0,2.0,2.5,91.0,2.5,495.95959595959596
JonaGold,1.5,0.0,2.5,2.6,89.0,0.75,495.95959595959596
Braeburn,2.0,0.0,1.0,1.75,89.5,1.0,495.95959595959596
Cripps Pink (Pink Lady),1.0,0.0,1.0,1.75,87.5,0.5,495.95959595959596
Summer Red,3.0,0.0,1.25,2.5,89.5,2.0,495.95959595959596
Red Chief,1.0,0.0,3.0,1.0,92.5,0.5,495.95959595959596
Vista Bella,3.0,1.0,2.1,2.2,87.5,2.0,495.95959595959596
Jersey Mac,2.0,0.0,2.1,2.2,87.5,1.0,495.95959595959596
Amasya,4.0,2.0,3.0,4.0,87.5,3.0,495.95959595959596
Honeycrisp,2.0,0.0,2.0,1.5,87.5,1.0,495.95959595959596
Golden Delicious,1.0,0.0,2.5,2.0,91.0,0.75,545.4545454545455
Gala,3.0,0.0,2.5,1.5,87.5,1.5,545.4545454545455
Granny Smith,1.0,-0.5,1.25,1.75,91.0,0.25,545.4545454545455
Starkin Delicious,1.0,0.0,2.0,1.35,87.5,0.5,545.4545454545455
Starkrimson Delicious,5.0,0.0,2.0,2.5,91.0,2.5,545.4545454545455
JonaGold,1.5,0.0,2.5,2.6,89.0,0.75,545.4545454545455
Braeburn,2.0,0.0,1.0,1.75,89.5,1.0,545.4545454545455
Cripps Pink (Pink Lady),1.0,0.0,1.0,1.75,87.5,0.5,545.4545454545455
Summer Red,3.0,0.0,1.25,2.5,89.5,2.0,545.4545454545455
Red Chief,1.0,0.0,3.0,1.0,92.5,0.5,545.4545454545455
Vista Bella,3.0,1.0,2.1,2.2,87.5,2.0,545.4545454545455
Jersey Mac,2.0,0.0,2.1,2.2,87.5,1.0,545.4545454545455
Amasya,4.0,2.0,3.0,4.0,87.5,3.0,545.4545454545455
Honeycrisp,2.0,0.0,2.0,1.5,87.5,1.0,545.4545454545455
Golden Delicious,1.0,0.0,2.5,2.0,91.0,0.75,594.9494949494949
Gala,3.0,0.0,2.5,1.5,87.5,1.5,594.9494949494949
Granny Smith,1.0,-0.5,1.25,1.75,91.0,0.25,594.9494949494949
Starkin Delicious,1.0,0.0,2.0,1.35,87.5,0.5,594.9494949494949
Starkrimson Delicious,5.0,0.0,2.0,2.5,91.0,2.5,594.9494949494949
JonaGold,1.5,0.0,2.5,2.6,89.0,0.75,594.9494949494949
Braeburn,2.0,0.0,1.0,1.75,89.5,1.0,594.9494949494949
Cripps Pink (Pink Lady),1.0,0.0,1.0,1.75,87.5,0.5,594.9494949494949
Summer Red,3.0,0.0,1.25,2.5,89.5,2.0,594.9494949494949
Red Chief,1.0,0.0,3.0,1.0,92.5,0.5,594.9494949494949
Vista Bella,3.0,1.0,2.1,2.2,87.5,2.0,594.9494949494949
Jersey Mac,2.0,0.0,2.1,2.2,87.5,1.0,594.9494949494949
Amasya,4.0,2.0,3.0,4.0,87.5,3.0,594.9494949494949
Honeycrisp,2.0,0.0,2.0,1.5,87.5,1.0,594.9494949494949
Golden Delicious,1.0,0.0,2.5,2.0,91.0,0.75,644.4444444444445
Gala,3.0,0.0,2.5,1.5,87.5,1.5,644.4444444444445
Granny Smith,1.0,-0.5,1.25,1.75,91.0,0.25,644.4444444444445
Starkin Delicious,1.0,0.0,2.0,1.35,87.5,0.5,644.4444444444445
Starkrimson Delicious,5.0,0.0,2.0,2.5,91.0,2.5,644.4444444444445
JonaGold,1.5,0.0,2.5,2.6,89.0,0.75,644.4444444444445
Braeburn,2.0,0.0,1.0,1.75,89.5,1.0,644.4444444444445
Cripps Pink (Pink Lady),1.0,0.0,1.0,1.75,87.5,0.5,644.4444444444445
Summer Red,3.0,0.0,1.25,2.5,89.5,2.0,644.4444444444445
Red Chief,1.0,0.0,3.0,1.0,92.5,0.5,644.4444444444445
Vista Bella,3.0,1.0,2.1,2.2,87.5,2.0,644.4444444444445
Jersey Mac,2.0,0.0,2.1,2.2,87.5,1.0,644.4444444444445
Amasya,4.0,2.0,3.0,4.0,87.5,3.0,644.4444444444445
Honeycrisp,2.0,0.0,2.0,1.5,87.5,1.0,644.4444444444445
Golden Delicious,1.0,0.0,2.5,2.0,91.0,0.75,693.939393939394
Gala,3.0,0.0,2.5,1.5,87.5,1.5,693.939393939394
Granny Smith,1.0,-0.5,1.25,1.75,91.0,0.25,693.939393939394
Starkin Delicious,1.0,0.0,2.0,1.35,87.5,0.5,693.939393939394
Starkrimson Delicious,5.0,0.0,2.0,2.5,91.0,2.5,693.939393939394
JonaGold,1.5,0.0,2.5,2.6,89.0,0.75,693.939393939394
Braeburn,2.0,0.0,1.0,1.75,89.5,1.0,693.939393939394
Cripps Pink (Pink Lady),1.0,0.0,1.0,1.75,87.5,0.5,693.939393939394
Summer Red,3.0,0.0,1.25,2.5,89.5,2.0,693.939393939394
Red Chief,1.0,0.0,3.0,1.0,92.5,0.5,693.939393939394
Vista Bella,3.0,1.0,2.1,2.2,87.5,2.0,693.939393939394
Jersey Mac,2.0,0.0,2.1,2.2,87.5,1.0,693.939393939394
Amasya,4.0,2.0,3.0,4.0,87.5,3.0,693.939393939394
Honeycrisp,2.0,0.0,2.0,1.5,87.5,1.0,693.939393939394
Golden Delicious,1.0,0.0,2.5,2.0,91.0,0.75,743.4343434343434
Gala,3.0,0.0,2.5,1.5,87.5,1.5,743.4343434343434
Granny Smith,1.0,-0.5,1.25,1.75,91.0,0.25,743.4343434343434
Starkin Delicious,1.0,0.0,2.0,1.35,87.5,0.5,743.4343434343434
Starkrimson Delicious,5.0,0.0,2.0,2.5,91.0,2.5,743.4343434343434
JonaGold,1.5,0.0,2.5,2.6,89.0,0.75,743.4343434343434
Braeburn,2.0,0.0,1.0,1.75,89.5,1.0,743.4343434343434
Cripps Pink (Pink Lady),1.0,0.0,1.0,1.75,87.5,0.5,743.4343434343434
Summer Red,3.0,0.0,1.25,2.5,89.5,2.0,743.4343434343434
Red Chief,1.0,0.0,3.0,1.0,92.5,0.5,743.4343434343434
Vista Bella,3.0,1.0,2.1,2.2,87.5,2.0,743.4343434343434
Jersey Mac,2.0,0.0,2.1,2.2,87.5,1.0,743.4343434343434
Amasya,4.0,2.0,3.0,4.0,87.5,3.0,743.4343434343434
Honeycrisp,2.0,0.0,2.0,1.5,87.5,1.0,743.4343434343434
Golden Delicious,1.0,0.0,2.5,2.0,91.0,0.75,792.929292929293
Gala,3.0,0.0,2.5,1.5,87.5,1.5,792.929292929293
Granny Smith,1.0,-0.5,1.25,1.75,91.0,0.25,792.929292929293
Starkin Delicious,1.0,0.0,2.0,1.35,87.5,0.5,792.929292929293
Starkrimson Delicious,5.0,0.0,2.0,2.5,91.0,2.5,792.929292929293
JonaGold,1.5,0.0,2.5,2.6,89.0,0.75,792.929292929293
Braeburn,2.0,0.0,1.0,1.75,89.5,1.0,792.929292929293
Cripps Pink (Pink Lady),1.0,0.0,1.0,1.75,87.5,0.5,792.929292929293
Summer Red,3.0,0.0,1.25,2.5,89.5,2.0,792.929292929293
Red Chief,1.0,0.0,3.0,1.0,92.5,0.5,792.929292929293
Vista Bella,3.0,1.0,2.1,2.2,87.5,2.0,792.929292929293
Jersey Mac,2.0,0.0,2.1,2.2,87.5,1.0,792.929292929293
Amasya,4.0,2.0,3.0,4.0,87.5,3.0,792.929292929293
Honeycrisp,2.0,0.0,2.0,1.5,87.5,1.0,792.929292929293
Golden Delicious,1.0,0.0,2.5,2.0,91.0,0.75,842.4242424242424
Gala,3.0,0.0,2.5,1.5,87.5,1.5,842.4242424242424
Granny Smith,1.0,-0.5,1.25,1.75,91.0,0.25,842.4242424242424
Starkin Delicious,1.0,0.0,2.0,1.35,87.5,0.5,842.4242424242424
Starkrimson Delicious,5.0,0.0,2.0,2.5,91.0,2.5,842.4242424242424
JonaGold,1.5,0.0,2.5,2.6,89.0,0.75,842.4242424242424
Braeburn,2.0,0.0,1.0,1.75,89.5,1.0,842.4242424242424
Cripps Pink (Pink Lady),1.0,0.0,1.0,1.75,87.5,0.5,842.4242424242424
Summer Red,3.0,0.0,1.25,2.5,89.5,2.0,842.4242424242424
Red Chief,1.0,0.0,3.0,1.0,92.5,0.5,842.4242424242424
Vista Bella,3.0,1.0,2.1,2.2,87.5,2.0,842.4242424242424
Jersey Mac,2.0,0.0,2.1,2.2,87.5,1.0,842.4242424242424
Amasya,4.0,2.0,3.0,4.0,87.5,3.0,842.4242424242424
Honeycrisp,2.0,0.0,2.0,1.5,87.5,1.0,842.4242424242424
Golden Delicious,1.0,0.0,2.5,2.0,91.0,0.75,891.9191919191919
Gala,3.0,0.0,2.5,1.5,87.5,1.5,891.9191919191919
Granny Smith,1.0,-0.5,1.25,1.75,91.0,0.25,891.9191919191919
Starkin Delicious,1.0,0.0,2.0,1.35,87.5,0.5,891.9191919191919
Starkrimson Delicious,5.0,0.0,2.0,2.5,91.0,2.5,891.9191919191919
JonaGold,1.5,0.0,2.5,2.6,89.0,0.75,891.9191919191919
Braeburn,2.0,0.0,1.0,1.75,89.5,1.0,891.9191919191919
Cripps Pink (Pink Lady),1.0,0.0,1.0,1.75,87.5,0.5,891.9191919191919
Summer Red,3.0,0.0,1.25,2.5,89.5,2.0,891.9191919191919
Red Chief,1.0,0.0,3.0,1.0,92.5,0.5,891.9191919191919
Vista Bella,3.0,1.0,2.1,2.2,87.5,2.0,891.9191919191919
Jersey Mac,2.0,0.0,2.1,2.2,87.5,1.0,891.9191919191919
Amasya,4.0,2.0,3.0,4.0,87.5,3.0,891.9191919191919
Honeycrisp,2.0,0.0,2.0,1.5,87.5,1.0,891.9191919191919
Golden Delicious,1.0,0.0,2.5,2.0,91.0,0.75,941.4141414141415
Gala,3.0,0.0,2.5,1.5,87.5,1.5,941.4141414141415
Granny Smith,1.0,-0.5,1.25,1.75,91.0,0.25,941.4141414141415
Starkin Delicious,1.0,0.0,2.0,1.35,87.5,0.5,941.4141414141415
Starkrimson Delicious,5.0,0.0,2.0,2.5,91.0,2.5,941.4141414141415
JonaGold,1.5,0.0,2.5,2.6,89.0,0.75,941.4141414141415
Braeburn,2.0,0.0,1.0,1.75,89.5,1.0,941.4141414141415
Cripps Pink (Pink Lady),1.0,0.0,1.0,1.75,87.5,0.5,941.4141414141415
Summer Red,3.0,0.0,1.25,2.5,89.5,2.0,941.4141414141415
Red Chief,1.0,0.0,3.0,1.0,92.5,0.5,941.4141414141415
Vista Bella,3.0,1.0,2.1,2.2,87.5,2.0,941.4141414141415
Jersey Mac,2.0,0.0,2.1,2.2,87.5,1.0,941.4141414141415
Amasya,4.0,2.0,3.0,4.0,87.5,3.0,941.4141414141415
Honeycrisp,2.0,0.0,2.0,1.5,87.5,1.0,941.4141414141415
Golden Delicious,1.0,0.0,2.5,2.0,91.0,0.75,990.9090909090909
Gala,3.0,0.0,2.5,1.5,87.5,1.5,990.9090909090909
Granny Smith,1.0,-0.5,1.25,1.75,91.0,0.25,990.9090909090909
Starkin Delicious,1.0,0.0,2.0,1.35,87.5,0.5,990.9090909090909
Starkrimson Delicious,5.0,0.0,2.0,2.5,91.0,2.5,990.9090909090909
JonaGold,1.5,0.0,2.5,2.6,89.0,0.75,990.9090909090909
Braeburn,2.0,0.0,1.0,1.75,89.5,1.0,990.9090909090909
Cripps Pink (Pink Lady),1.0,0.0,1.0,1.75,87.5,0.5,990.9090909090909
Summer Red,3.0,0.0,1.25,2.5,89.5,2.0,990.9090909090909
Red Chief,1.0,0.0,3.0,1.0,92.5,0.5,990.9090909090909
Vista Bella,3.0,1.0,2.1,2.2,87.5,2.0,990.9090909090909
Jersey Mac,2.0,0.0,2.1,2.2,87.5,1.0,990.9090909090909
Amasya,4.0,2.0,3.0,4.0,87.5,3.0,990.9090909090909
Honeycrisp,2.0,0.0,2.0,1.5,87.5,1.0,990.9090909090909
Golden Delicious,1.0,0.0,2.5,2.0,91.0,0.75,1040.4040404040404
Gala,3.0,0.0,2.5,1.5,87.5,1.5,1040.4040404040404
Granny Smith,1.0,-0.5,1.25,1.75,91.0,0.25,1040.4040404040404
Starkin Delicious,1.0,0.0,2.0,1.35,87.5,0.5,1040.4040404040404
Starkrimson Delicious,5.0,0.0,2.0,2.5,91.0,2.5,1040.4040404040404
JonaGold,1.5,0.0,2.5,2.6,89.0,0.75,1040.4040404040404
Braeburn,2.0,0.0,1.0,1.75,89.5,1.0,1040.4040404040404
Cripps Pink (Pink Lady),1.0,0.0,1.0,1.75,87.5,0.5,1040.4040404040404
Summer Red,3.0,0.0,1.25,2.5,89.5,2.0,1040.4040404040404
Red Chief,1.0,0.0,3.0,1.0,92.5,0.5,1040.4040404040404
Vista Bella,3.0,1.0,2.1,2.2,87.5,2.0,1040.4040404040404
Jersey Mac,2.0,0.0,2.1,2.2,87.5,1.0,1040.4040404040404
Amasya,4.0,2.0,3.0,4.0,87.5,3.0,1040.4040404040404
Honeycrisp,2.0,0.0,2.0,1.5,87.5,1.0,1040.4040404040404
Golden Delicious,1.0,0.0,2.5,2.0,91.0,0.75,1089.8989898989898
Gala,3.0,0.0,2.5,1.5,87.5,1.5,1089.8989898989898
Granny Smith,1.0,-0.5,1.25,1.75,91.0,0.25,1089.8989898989898
Starkin Delicious,1.0,0.0,2.0,1.35,87.5,0.5,1089.8989898989898
Starkrimson Delicious,5.0,0.0,2.0,2.5,91.0,2.5,1089.8989898989898
JonaGold,1.5,0.0,2.5,2.6,89.0,0.75,1089.8989898989898
Braeburn,2.0,0.0,1.0,1.75,89.5,1.0,1089.8989898989898
Cripps Pink (Pink Lady),1.0,0.0,1.0,1.75,87.5,0.5,1089.8989898989898
Summer Red,3.0,0.0,1.25,2.5,89.5,2.0,1089.8989898989898
Red Chief,1.0,0.0,3.0,1.0,92.5,0.5,1089.8989898989898
Vista Bella,3.0,1.0,2.1,2.2,87.5,2.0,1089.8989898989898
Jersey Mac,2.0,0.0,2.1,2.2,87.5,1.0,1089.8989898989898
Amasya,4.0,2.0,3.0,4.0,87.5,3.0,1089.8989898989898
Honeycrisp,2.0,0.0,2.0,1.5,87.5,1.0,1089.8989898989898
Golden Delicious,1.0,0.0,2.5,2.0,91.0,0.75,1139.3939393939395
Gala,3.0,0.0,2.5,1.5,87.5,1.5,1139.3939393939395
Granny Smith,1.0,-0.5,1.25,1.75,91.0,0.25,1139.3939393939395
Starkin Delicious,1.0,0.0,2.0,1.35,87.5,0.5,1139.3939393939395
Starkrimson Delicious,5.0,0.0,2.0,2.5,91.0,2.5,1139.3939393939395
JonaGold,1.5,0.0,2.5,2.6,89.0,0.75,1139.3939393939395
Braeburn,2.0,0.0,1.0,1.75,89.5,1.0,1139.3939393939395
Cripps Pink (Pink Lady),1.0,0.0,1.0,1.75,87.5,0.5,1139.3939393939395
Summer Red,3.0,0.0,1.25,2.5,89.5,2.0,1139.3939393939395
Red Chief,1.0,0.0,3.0,1.0,92.5,0.5,1139.3939393939395
Vista Bella,3.0,1.0,2.1,2.2,87.5,2.0,1139.3939393939395
Jersey Mac,2.0,0.0,2.1,2.2,87.5,1.0,1139.3939393939395
Amasya,4.0,2.0,3.0,4.0,87.5,3.0,1139.3939393939395
Honeycrisp,2.0,0.0,2.0,1.5,87.5,1.0,1139.3939393939395
Golden Delicious,1.0,0.0,2.5,2.0,91.0,0.75,1188.888888888889
Gala,3.0,0.0,2.5,1.5,87.5,1.5,1188.888888888889
Granny Smith,1.0,-0.5,1.25,1.75,91.0,0.25,1188.888888888889
Starkin Delicious,1.0,0.0,2.0,1.35,87.5,0.5,1188.888888888889
Starkrimson Delicious,5.0,0.0,2.0,2.5,91.0,2.5,1188.888888888889
JonaGold,1.5,0.0,2.5,2.6,89.0,0.75,1188.888888888889
Braeburn,2.0,0.0,1.0,1.75,89.5,1.0,1188.888888888889
Cripps Pink (Pink Lady),1.0,0.0,1.0,1.75,87.5,0.5,1188.888888888889
Summer Red,3.0,0.0,1.25,2.5,89.5,2.0,1188.888888888889
Red Chief,1.0,0.0,3.0,1.0,92.5,0.5,1188.888888888889
Vista Bella,3.0,1.0,2.1,2.2,87.5,2.0,1188.888888888889
Jersey Mac,2.0,0.0,2.1,2.2,87.5,1.0,1188.888888888889
Amasya,4.0,2.0,3.0,4.0,87.5,3.0,1188.888888888889
Honeycrisp,2.0,0.0,2.0,1.5,87.5,1.0,1188.888888888889
Golden Delicious,1.0,0.0,2.5,2.0,91.0,0.75,1238.3838383838383
Gala,3.0,0.0,2.5,1.5,87.5,1.5,1238.3838383838383
Granny Smith,1.0,-0.5,1.25,1.75,91.0,0.25,1238.3838383838383
Starkin Delicious,1.0,0.0,2.0,1.35,87.5,0.5,1238.3838383838383
Starkrimson Delicious,5.0,0.0,2.0,2.5,91.0,2.5,1238.3838383838383
JonaGold,1.5,0.0,2.5,2.6,89.0,0.75,1238.3838383838383
Braeburn,2.0,0.0,1.0,1.75,89.5,1.0,1238.3838383838383
Cripps Pink (Pink Lady),1.0,0.0,1.0,1.75,87.5,0.5,1238.3838383838383
Summer Red,3.0,0.0,1.25,2.5,89.5,2.0,1238.3838383838383
Red Chief,1.0,0.0,3.0,1.0,92.5,0.5,1238.3838383838383
Vista Bella,3.0,1.0,2.1,2.2,87.5,2.0,1238.3838383838383
Jersey Mac,2.0,0.0,2.1,2.2,87.5,1.0,1238.3838383838383
Amasya,4.0,2.0,3.0,4.0,87.5,3.0,1238.3838383838383
Honeycrisp,2.0,0.0,2.0,1.5,87.5,1.0,1238.3838383838383
Golden Delicious,1.0,0.0,2.5,2.0,91.0,0.75,1287.878787878788
Gala,3.0,0.0,2.5,1.5,87.5,1.5,1287.878787878788
Granny Smith,1.0,-0.5,1.25,1.75,91.0,0.25,1287.878787878788
Starkin Delicious,1.0,0.0,2.0,1.35,87.5,0.5,1287.878787878788
Starkrimson Delicious,5.0,0.0,2.0,2.5,91.0,2.5,1287.878787878788
JonaGold,1.5,0.0,2.5,2.6,89.0,0.75,1287.878787878788
Braeburn,2.0,0.0,1.0,1.75,89.5,1.0,1287.878787878788
Cripps Pink (Pink Lady),1.0,0.0,1.0,1.75,87.5,0.5,1287.878787878788
Summer Red,3.0,0.0,1.25,2.5,89.5,2.0,1287.878787878788
Red Chief,1.0,0.0,3.0,1.0,92.5,0.5,1287.878787878788
Vista Bella,3.0,1.0,2.1,2.2,87.5,2.0,1287.878787878788
Jersey Mac,2.0,0.0,2.1,2.2,87.5,1.0,1287.878787878788
Amasya,4.0,2.0,3.0,4.0,87.5,3.0,1287.878787878788
Honeycrisp,2.0,0.0,2.0,1.5,87.5,1.0,1287.878787878788
Golden Delicious,1.0,0.0,2.5,2.0,91.0,0.75,1337.3737373737374
Gala,3.0,0.0,2.5,1.5,87.5,1.5,1337.3737373737374
Granny Smith,1.0,-0.5,1.25,1.75,91.0,0.25,1337.3737373737374
Starkin Delicious,1.0,0.0,2.0,1.35,87.5,0.5,1337.3737373737374
Starkrimson Delicious,5.0,0.0,2.0,2.5,91.0,2.5,1337.3737373737374
JonaGold,1.5,0.0,2.5,2.6,89.0,0.75,1337.3737373737374
Braeburn,2.0,0.0,1.0,1.75,89.5,1.0,1337.3737373737374
Cripps Pink (Pink Lady),1.0,0.0,1.0,1.75,87.5,0.5,1337.3737373737374
Summer Red,3.0,0.0,1.25,2.5,89.5,2.0,1337.3737373737374
Red Chief,1.0,0.0,3.0,1.0,92.5,0.5,1337.3737373737374
Vista Bella,3.0,1.0,2.1,2.2,87.5,2.0,1337.3737373737374
Jersey Mac,2.0,0.0,2.1,2.2,87.5,1.0,1337.3737373737374
Amasya,4.0,2.0,3.0,4.0,87.5,3.0,1337.3737373737374
Honeycrisp,2.0,0.0,2.0,1.5,87.5,1.0,1337.3737373737374
Golden Delicious,1.0,0.0,2.5,2.0,91.0,0.75,1386.8686868686868
Gala,3.0,0.0,2.5,1.5,87.5,1.5,1386.8686868686868
Granny Smith,1.0,-0.5,1.25,1.75,91.0,0.25,1386.8686868686868
Starkin Delicious,1.0,0.0,2.0,1.35,87.5,0.5,1386.8686868686868
Starkrimson Delicious,5.0,0.0,2.0,2.5,91.0,2.5,1386.8686868686868
JonaGold,1.5,0.0,2.5,2.6,89.0,0.75,1386.8686868686868
Braeburn,2.0,0.0,1.0,1.75,89.5,1.0,1386.8686868686868
Cripps Pink (Pink Lady),1.0,0.0,1.0,1.75,87.5,0.5,1386.8686868686868
Summer Red,3.0,0.0,1.25,2.5,89.5,2.0,1386.8686868686868
Red Chief,1.0,0.0,3.0,1.0,92.5,0.5,1386.8686868686868
Vista Bella,3.0,1.0,2.1,2.2,87.5,2.0,1386.8686868686868
Jersey Mac,2.0,0.0,2.1,2.2,87.5,1.0,1386.8686868686868
Amasya,4.0,2.0,3.0,4.0,87.5,3.0,1386.8686868686868
Honeycrisp,2.0,0.0,2.0,1.5,87.5,1.0,1386.8686868686868
Golden Delicious,1.0,0.0,2.5,2.0,91.0,0.75,1436.3636363636363
Gala,3.0,0.0,2.5,1.5,87.5,1.5,1436.3636363636363
Granny Smith,1.0,-0.5,1.25,1.75,91.0,0.25,1436.3636363636363
Starkin Delicious,1.0,0.0,2.0,1.35,87.5,0.5,1436.3636363636363
Starkrimson Delicious,5.0,0.0,2.0,2.5,91.0,2.5,1436.3636363636363
JonaGold,1.5,0.0,2.5,2.6,89.0,0.75,1436.3636363636363
Braeburn,2.0,0.0,1.0,1.75,89.5,1.0,1436.3636363636363
Cripps Pink (Pink Lady),1.0,0.0,1.0,1.75,87.5,0.5,1436.3636363636363
Summer Red,3.0,0.0,1.25,2.5,89.5,2.0,1436.3636363636363
Red Chief,1.0,0.0,3.0,1.0,92.5,0.5,1436.3636363636363
Vista Bella,3.0,1.0,2.1,2.2,87.5,2.0,1436.3636363636363
Jersey Mac,2.0,0.0,2.1,2.2,87.5,1.0,1436.3636363636363
Amasya,4.0,2.0,3.0,4.0,87.5,3.0,1436.3636363636363
Honeycrisp,2.0,0.0,2.0,1.5,87.5,1.0,1436.3636363636363
Golden Delicious,1.0,0.0,2.5,2.0,91.0,0.75,1485.858585858586
Gala,3.0,0.0,2.5,1.5,87.5,1.5,1485.858585858586
Granny Smith,1.0,-0.5,1.25,1.75,91.0,0.25,1485.858585858586
Starkin Delicious,1.0,0.0,2.0,1.35,87.5,0.5,1485.858585858586
Starkrimson Delicious,5.0,0.0,2.0,2.5,91.0,2.5,1485.858585858586
JonaGold,1.5,0.0,2.5,2.6,89.0,0.75,1485.858585858586
Braeburn,2.0,0.0,1.0,1.75,89.5,1.0,1485.858585858586
Cripps Pink (Pink Lady),1.0,0.0,1.0,1.75,87.5,0.5,1485.858585858586
Summer Red,3.0,0.0,1.25,2.5,89.5,2.0,1485.858585858586
Red Chief,1.0,0.0,3.0,1.0,92.5,0.5,1485.858585858586
Vista Bella,3.0,1.0,2.1,2.2,87.5,2.0,1485.858585858586
Jersey Mac,2.0,0.0,2.1,2.2,87.5,1.0,1485.858585858586
Amasya,4.0,2.0,3.0,4.0,87.5,3.0,1485.858585858586
Honeycrisp,2.0,0.0,2.0,1.5,87.5,1.0,1485.858585858586
Golden Delicious,1.0,0.0,2.5,2.0,91.0,0.75,1535.3535353535353
Gala,3.0,0.0,2.5,1.5,87.5,1.5,1535.3535353535353
Granny Smith,1.0,-0.5,1.25,1.75,91.0,0.25,1535.3535353535353
Starkin Delicious,1.0,0.0,2.0,1.35,87.5,0.5,1535.3535353535353
Starkrimson Delicious,5.0,0.0,2.0,2.5,91.0,2.5,1535.3535353535353
JonaGold,1.5,0.0,2.5,2.6,89.0,0.75,1535.3535353535353
Braeburn,2.0,0.0,1.0,1.75,89.5,1.0,1535.3535353535353
Cripps Pink (Pink Lady),1.0,0.0,1.0,1.75,87.5,0.5,1535.3535353535353
Summer Red,3.0,0.0,1.25,2.5,89.5,2.0,1535.3535353535353
Red Chief,1.0,0.0,3.0,1.0,92.5,0.5,1535.3535353535353
Vista Bella,3.0,1.0,2.1,2.2,87.5,2.0,1535.3535353535353
Jersey Mac,2.0,0.0,2.1,2.2,87.5,1.0,1535.3535353535353
Amasya,4.0,2.0,3.0,4.0,87.5,3.0,1535.3535353535353
Honeycrisp,2.0,0.0,2.0,1.5,87.5,1.0,1535.3535353535353
Golden Delicious,1.0,0.0,2.5,2.0,91.0,0.75,1584.8484848484848
Gala,3.0,0.0,2.5,1.5,87.5,1.5,1584.8484848484848
Granny Smith,1.0,-0.5,1.25,1.75,91.0,0.25,1584.8484848484848
Starkin Delicious,1.0,0.0,2.0,1.35,87.5,0.5,1584.8484848484848
Starkrimson Delicious,5.0,0.0,2.0,2.5,91.0,2.5,1584.8484848484848
JonaGold,1.5,0.0,2.5,2.6,89.0,0.75,1584.8484848484848
Braeburn,2.0,0.0,1.0,1.75,89.5,1.0,1584.8484848484848
Cripps Pink (Pink Lady),1.0,0.0,1.0,1.75,87.5,0.5,1584.8484848484848
Summer Red,3.0,0.0,1.25,2.5,89.5,2.0,1584.8484848484848
Red Chief,1.0,0.0,3.0,1.0,92.5,0.5,1584.8484848484848
Vista Bella,3.0,1.0,2.1,2.2,87.5,2.0,1584.8484848484848
Jersey Mac,2.0,0.0,2.1,2.2,87.5,1.0,1584.8484848484848
Amasya,4.0,2.0,3.0,4.0,87.5,3.0,1584.8484848484848
Honeycrisp,2.0,0.0,2.0,1.5,87.5,1.0,1584.8484848484848
Golden Delicious,1.0,0.0,2.5,2.0,91.0,0.75,1634.3434343434344
Gala,3.0,0.0,2.5,1.5,87.5,1.5,1634.3434343434344
Granny Smith,1.0,-0.5,1.25,1.75,91.0,0.25,1634.3434343434344
Starkin Delicious,1.0,0.0,2.0,1.35,87.5,0.5,1634.3434343434344
Starkrimson Delicious,5.0,0.0,2.0,2.5,91.0,2.5,1634.3434343434344
JonaGold,1.5,0.0,2.5,2.6,89.0,0.75,1634.3434343434344
Braeburn,2.0,0.0,1.0,1.75,89.5,1.0,1634.3434343434344
Cripps Pink (Pink Lady),1.0,0.0,1.0,1.75,87.5,0.5,1634.3434343434344
Summer Red,3.0,0.0,1.25,2.5,89.5,2.0,1634.3434343434344
Red Chief,1.0,0.0,3.0,1.0,92.5,0.5,1634.3434343434344
Vista Bella,3.0,1.0,2.1,2.2,87.5,2.0,1634.3434343434344
Jersey Mac,2.0,0.0,2.1,2.2,87.5,1.0,1634.3434343434344
Amasya,4.0,2.0,3.0,4.0,87.5,3.0,1634.3434343434344
Honeycrisp,2.0,0.0,2.0,1.5,87.5,1.0,1634.3434343434344
Golden Delicious,1.0,0.0,2.5,2.0,91.0,0.75,1683.8383838383838
Gala,3.0,0.0,2.5,1.5,87.5,1.5,1683.8383838383838
Granny Smith,1.0,-0.5,1.25,1.75,91.0,0.25,1683.8383838383838
Starkin Delicious,1.0,0.0,2.0,1.35,87.5,0.5,1683.8383838383838
Starkrimson Delicious,5.0,0.0,2.0,2.5,91.0,2.5,1683.8383838383838
JonaGold,1.5,0.0,2.5,2.6,89.0,0.75,1683.8383838383838
Braeburn,2.0,0.0,1.0,1.75,89.5,1.0,1683.8383838383838
Cripps Pink (Pink Lady),1.0,0.0,1.0,1.75,87.5,0.5,1683.8383838383838
Summer Red,3.0,0.0,1.25,2.5,89.5,2.0,1683.8383838383838
Red Chief,1.0,0.0,3.0,1.0,92.5,0.5,1683.8383838383838
Vista Bella,3.0,1.0,2.1,2.2,87.5,2.0,1683.8383838383838
Jersey Mac,2.0,0.0,2.1,2.2,87.5,1.0,1683.8383838383838
Amasya,4.0,2.0,3.0,4.0,87.5,3.0,1683.8383838383838
Honeycrisp,2.0,0.0,2.0,1.5,87.5,1.0,1683.8383838383838
Golden Delicious,1.0,0.0,2.5,2.0,91.0,0.75,1733.3333333333333
Gala,3.0,0.0,2.5,1.5,87.5,1.5,1733.3333333333333
Granny Smith,1.0,-0.5,1.25,1.75,91.0,0.25,1733.3333333333333
Starkin Delicious,1.0,0.0,2.0,1.35,87.5,0.5,1733.3333333333333
Starkrimson Delicious,5.0,0.0,2.0,2.5,91.0,2.5,1733.3333333333333
JonaGold,1.5,0.0,2.5,2.6,89.0,0.75,1733.3333333333333
Braeburn,2.0,0.0,1.0,1.75,89.5,1.0,1733.3333333333333
Cripps Pink (Pink Lady),1.0,0.0,1.0,1.75,87.5,0.5,1733.3333333333333
Summer Red,3.0,0.0,1.25,2.5,89.5,2.0,1733.3333333333333
Red Chief,1.0,0.0,3.0,1.0,92.5,0.5,1733.3333333333333
Vista Bella,3.0,1.0,2.1,2.2,87.5,2.0,1733.3333333333333
Jersey Mac,2.0,0.0,2.1,2.2,87.5,1.0,1733.3333333333333
Amasya,4.0,2.0,3.0,4.0,87.5,3.0,1733.3333333333333
Honeycrisp,2.0,0.0,2.0,1.5,87.5,1.0,1733.3333333333333
Golden Delicious,1.0,0.0,2.5,2.0,91.0,0.75,1782.828282828283
Gala,3.0,0.0,2.5,1.5,87.5,1.5,1782.828282828283
Granny Smith,1.0,-0.5,1.25,1.75,91.0,0.25,1782.828282828283
Starkin Delicious,1.0,0.0,2.0,1.35,87.5,0.5,1782.828282828283
Starkrimson Delicious,5.0,0.0,2.0,2.5,91.0,2.5,1782.828282828283
JonaGold,1.5,0.0,2.5,2.6,89.0,0.75,1782.828282828283
Braeburn,2.0,0.0,1.0,1.75,89.5,1.0,1782.828282828283
Cripps Pink (Pink Lady),1.0,0.0,1.0,1.75,87.5,0.5,1782.828282828283
Summer Red,3.0,0.0,1.25,2.5,89.5,2.0,1782.828282828283
Red Chief,1.0,0.0,3.0,1.0,92.5,0.5,1782.828282828283
Vista Bella,3.0,1.0,2.1,2.2,87.5,2.0,1782.828282828283
Jersey Mac,2.0,0.0,2.1,2.2,87.5,1.0,1782.828282828283
Amasya,4.0,2.0,3.0,4.0,87.5,3.0,1782.828282828283
Honeycrisp,2.0,0.0,2.0,1.5,87.5,1.0,1782.828282828283
Golden Delicious,1.0,0.0,2.5,2.0,91.0,0.75,1832.3232323232323
Gala,3.0,0.0,2.5,1.5,87.5,1.5,1832.3232323232323
Granny Smith,1.0,-0.5,1.25,1.75,91.0,0.25,1832.3232323232323
Starkin Delicious,1.0,0.0,2.0,1.35,87.5,0.5,1832.3232323232323
Starkrimson Delicious,5.0,0.0,2.0,2.5,91.0,2.5,1832.3232323232323
JonaGold,1.5,0.0,2.5,2.6,89.0,0.75,1832.3232323232323
Braeburn,2.0,0.0,1.0,1.75,89.5,1.0,1832.3232323232323
Cripps Pink (Pink Lady),1.0,0.0,1.0,1.75,87.5,0.5,1832.3232323232323
Summer Red,3.0,0.0,1.25,2.5,89.5,2.0,1832.3232323232323
Red Chief,1.0,0.0,3.0,1.0,92.5,0.5,1832.3232323232323
Vista Bella,3.0,1.0,2.1,2.2,87.5,2.0,1832.3232323232323
Jersey Mac,2.0,0.0,2.1,2.2,87.5,1.0,1832.3232323232323
Amasya,4.0,2.0,3.0,4.0,87.5,3.0,1832.3232323232323
Honeycrisp,2.0,0.0,2.0,1.5,87.5,1.0,1832.3232323232323
Golden Delicious,1.0,0.0,2.5,2.0,91.0,0.75,1881.8181818181818
Gala,3.0,0.0,2.5,1.5,87.5,1.5,1881.8181818181818
Granny Smith,1.0,-0.5,1.25,1.75,91.0,0.25,1881.8181818181818
Starkin Delicious,1.0,0.0,2.0,1.35,87.5,0.5,1881.8181818181818
Starkrimson Delicious,5.0,0.0,2.0,2.5,91.0,2.5,1881.8181818181818
JonaGold,1.5,0.0,2.5,2.6,89.0,0.75,1881.8181818181818
Braeburn,2.0,0.0,1.0,1.75,89.5,1.0,1881.8181818181818
Cripps Pink (Pink Lady),1.0,0.0,1.0,1.75,87.5,0.5,1881.8181818181818
Summer Red,3.0,0.0,1.25,2.5,89.5,2.0,1881.8181818181818
Red Chief,1.0,0.0,3.0,1.0,92.5,0.5,1881.8181818181818
Vista Bella,3.0,1.0,2.1,2.2,87.5,2.0,1881.8181818181818
Jersey Mac,2.0,0.0,2.1,2.2,87.5,1.0,1881.8181818181818
Amasya,4.0,2.0,3.0,4.0,87.5,3.0,1881.8181818181818
Honeycrisp,2.0,0.0,2.0,1.5,87.5,1.0,1881.8181818181818
Golden Delicious,1.0,0.0,2.5,2.0,91.0,0.75,1931.3131313131314
Gala,3.0,0.0,2.5,1.5,87.5,1.5,1931.3131313131314
Granny Smith,1.0,-0.5,1.25,1.75,91.0,0.25,1931.3131313131314
Starkin Delicious,1.0,0.0,2.0,1.35,87.5,0.5,1931.3131313131314
Starkrimson Delicious,5.0,0.0,2.0,2.5,91.0,2.5,1931.3131313131314
JonaGold,1.5,0.0,2.5,2.6,89.0,0.75,1931.3131313131314
Braeburn,2.0,0.0,1.0,1.75,89.5,1.0,1931.3131313131314
Cripps Pink (Pink Lady),1.0,0.0,1.0,1.75,87.5,0.5,1931.3131313131314
Summer Red,3.0,0.0,1.25,2.5,89.5,2.0,1931.3131313131314
Red Chief,1.0,0.0,3.0,1.0,92.5,0.5,1931.3131313131314
Vista Bella,3.0,1.0,2.1,2.2,87.5,2.0,1931.3131313131314
Jersey Mac,2.0,0.0,2.1,2.2,87.5,1.0,1931.3131313131314
Amasya,4.0,2.0,3.0,4.0,87.5,3.0,1931.3131313131314
Honeycrisp,2.0,0.0,2.0,1.5,87.5,1.0,1931.3131313131314
Golden Delicious,1.0,0.0,2.5,2.0,91.0,0.75,1980.8080808080808
Gala,3.0,0.0,2.5,1.5,87.5,1.5,1980.8080808080808
Granny Smith,1.0,-0.5,1.25,1.75,91.0,0.25,1980.8080808080808
Starkin Delicious,1.0,0.0,2.0,1.35,87.5,0.5,1980.8080808080808
Starkrimson Delicious,5.0,0.0,2.0,2.5,91.0,2.5,1980.8080808080808
JonaGold,1.5,0.0,2.5,2.6,89.0,0.75,1980.8080808080808
Braeburn,2.0,0.0,1.0,1.75,89.5,1.0,1980.8080808080808
Cripps Pink (Pink Lady),1.0,0.0,1.0,1.75,87.5,0.5,1980.8080808080808
Summer Red,3.0,0.0,1.25,2.5,89.5,2.0,1980.8080808080808
Red Chief,1.0,0.0,3.0,1.0,92.5,0.5,1980.8080808080808
Vista Bella,3.0,1.0,2.1,2.2,87.5,2.0,1980.8080808080808
Jersey Mac,2.0,0.0,2.1,2.2,87.5,1.0,1980.8080808080808
Amasya,4.0,2.0,3.0,4.0,87.5,3.0,1980.8080808080808
Honeycrisp,2.0,0.0,2.0,1.5,87.5,1.0,1980.8080808080808
Golden Delicious,1.0,0.0,2.5,2.0,91.0,0.75,2030.3030303030303
Gala,3.0,0.0,2.5,1.5,87.5,1.5,2030.3030303030303
Granny Smith,1.0,-0.5,1.25,1.75,91.0,0.25,2030.3030303030303
Starkin Delicious,1.0,0.0,2.0,1.35,87.5,0.5,2030.3030303030303
Starkrimson Delicious,5.0,0.0,2.0,2.5,91.0,2.5,2030.3030303030303
JonaGold,1.5,0.0,2.5,2.6,89.0,0.75,2030.3030303030303
Braeburn,2.0,0.0,1.0,1.75,89.5,1.0,2030.3030303030303
Cripps Pink (Pink Lady),1.0,0.0,1.0,1.75,87.5,0.5,2030.3030303030303
Summer Red,3.0,0.0,1.25,2.5,89.5,2.0,2030.3030303030303
Red Chief,1.0,0.0,3.0,1.0,92.5,0.5,2030.3030303030303
Vista Bella,3.0,1.0,2.1,2.2,87.5,2.0,2030.3030303030303
Jersey Mac,2.0,0.0,2.1,2.2,87.5,1.0,2030.3030303030303
Amasya,4.0,2.0,3.0,4.0,87.5,3.0,2030.3030303030303
Honeycrisp,2.0,0.0,2.0,1.5,87.5,1.0,2030.3030303030303
Golden Delicious,1.0,0.0,2.5,2.0,91.0,0.75,2079.7979797979797
Gala,3.0,0.0,2.5,1.5,87.5,1.5,2079.7979797979797
Granny Smith,1.0,-0.5,1.25,1.75,91.0,0.25,2079.7979797979797
Starkin Delicious,1.0,0.0,2.0,1.35,87.5,0.5,2079.7979797979797
Starkrimson Delicious,5.0,0.0,2.0,2.5,91.0,2.5,2079.7979797979797
JonaGold,1.5,0.0,2.5,2.6,89.0,0.75,2079.7979797979797
Braeburn,2.0,0.0,1.0,1.75,89.5,1.0,2079.7979797979797
Cripps Pink (Pink Lady),1.0,0.0,1.0,1.75,87.5,0.5,2079.7979797979797
Summer Red,3.0,0.0,1.25,2.5,89.5,2.0,2079.7979797979797
Red Chief,1.0,0.0,3.0,1.0,92.5,0.5,2079.7979797979797
Vista Bella,3.0,1.0,2.1,2.2,87.5,2.0,2079.7979797979797
Jersey Mac,2.0,0.0,2.1,2.2,87.5,1.0,2079.7979797979797
Amasya,4.0,2.0,3.0,4.0,87.5,3.0,2079.7979797979797
Honeycrisp,2.0,0.0,2.0,1.5,87.5,1.0,2079.7979797979797
Golden Delicious,1.0,0.0,2.5,2.0,91.0,0.75,2129.2929292929293
Gala,3.0,0.0,2.5,1.5,87.5,1.5,2129.2929292929293
Granny Smith,1.0,-0.5,1.25,1.75,91.0,0.25,2129.2929292929293
Starkin Delicious,1.0,0.0,2.0,1.35,87.5,0.5,2129.2929292929293
Starkrimson Delicious,5.0,0.0,2.0,2.5,91.0,2.5,2129.2929292929293
JonaGold,1.5,0.0,2.5,2.6,89.0,0.75,2129.2929292929293
Braeburn,2.0,0.0,1.0,1.75,89.5,1.0,2129.2929292929293
Cripps Pink (Pink Lady),1.0,0.0,1.0,1.75,87.5,0.5,2129.2929292929293
Summer Red,3.0,0.0,1.25,2.5,89.5,2.0,2129.2929292929293
Red Chief,1.0,0.0,3.0,1.0,92.5,0.5,2129.2929292929293
Vista Bella,3.0,1.0,2.1,2.2,87.5,2.0,2129.2929292929293
Jersey Mac,2.0,0.0,2.1,2.2,87.5,1.0,2129.2929292929293
Amasya,4.0,2.0,3.0,4.0,87.5,3.0,2129.2929292929293
Honeycrisp,2.0,0.0,2.0,1.5,87.5,1.0,2129.2929292929293
Golden Delicious,1.0,0.0,2.5,2.0,91.0,0.75,2178.787878787879
Gala,3.0,0.0,2.5,1.5,87.5,1.5,2178.787878787879
Granny Smith,1.0,-0.5,1.25,1.75,91.0,0.25,2178.787878787879
Starkin Delicious,1.0,0.0,2.0,1.35,87.5,0.5,2178.787878787879
Starkrimson Delicious,5.0,0.0,2.0,2.5,91.0,2.5,2178.787878787879
JonaGold,1.5,0.0,2.5,2.6,89.0,0.75,2178.787878787879
Braeburn,2.0,0.0,1.0,1.75,89.5,1.0,2178.787878787879
Cripps Pink (Pink Lady),1.0,0.0,1.0,1.75,87.5,0.5,2178.787878787879
Summer Red,3.0,0.0,1.25,2.5,89.5,2.0,2178.787878787879
Red Chief,1.0,0.0,3.0,1.0,92.5,0.5,2178.787878787879
Vista Bella,3.0,1.0,2.1,2.2,87.5,2.0,2178.787878787879
Jersey Mac,2.0,0.0,2.1,2.2,87.5,1.0,2178.787878787879
Amasya,4.0,2.0,3.0,4.0,87.5,3.0,2178.787878787879
Honeycrisp,2.0,0.0,2.0,1.5,87.5,1.0,2178.787878787879
Golden Delicious,1.0,0.0,2.5,2.0,91.0,0.75,2228.282828282828
Gala,3.0,0.0,2.5,1.5,87.5,1.5,2228.282828282828
Granny Smith,1.0,-0.5,1.25,1.75,91.0,0.25,2228.282828282828
Starkin Delicious,1.0,0.0,2.0,1.35,87.5,0.5,2228.282828282828
Starkrimson Delicious,5.0,0.0,2.0,2.5,91.0,2.5,2228.282828282828
JonaGold,1.5,0.0,2.5,2.6,89.0,0.75,2228.282828282828
Braeburn,2.0,0.0,1.0,1.75,89.5,1.0,2228.282828282828
Cripps Pink (Pink Lady),1.0,0.0,1.0,1.75,87.5,0.5,2228.282828282828
Summer Red,3.0,0.0,1.25,2.5,89.5,2.0,2228.282828282828
Red Chief,1.0,0.0,3.0,1.0,92.5,0.5,2228.282828282828
Vista Bella,3.0,1.0,2.1,2.2,87.5,2.0,2228.282828282828
Jersey Mac,2.0,0.0,2.1,2.2,87.5,1.0,2228.282828282828
Amasya,4.0,2.0,3.0,4.0,87.5,3.0,2228.282828282828
Honeycrisp,2.0,0.0,2.0,1.5,87.5,1.0,2228.282828282828
Golden Delicious,1.0,0.0,2.5,2.0,91.0,0.75,2277.777777777778
Gala,3.0,0.0,2.5,1.5,87.5,1.5,2277.777777777778
Granny Smith,1.0,-0.5,1.25,1.75,91.0,0.25,2277.777777777778
Starkin Delicious,1.0,0.0,2.0,1.35,87.5,0.5,2277.777777777778
Starkrimson Delicious,5.0,0.0,2.0,2.5,91.0,2.5,2277.777777777778
JonaGold,1.5,0.0,2.5,2.6,89.0,0.75,2277.777777777778
Braeburn,2.0,0.0,1.0,1.75,89.5,1.0,2277.777777777778
Cripps Pink (Pink Lady),1.0,0.0,1.0,1.75,87.5,0.5,2277.777777777778
Summer Red,3.0,0.0,1.25,2.5,89.5,2.0,2277.777777777778
Red Chief,1.0,0.0,3.0,1.0,92.5,0.5,2277.777777777778
Vista Bella,3.0,1.0,2.1,2.2,87.5,2.0,2277.777777777778
Jersey Mac,2.0,0.0,2.1,2.2,87.5,1.0,2277.777777777778
Amasya,4.0,2.0,3.0,4.0,87.5,3.0,2277.777777777778
Honeycrisp,2.0,0.0,2.0,1.5,87.5,1.0,2277.777777777778
Golden Delicious,1.0,0.0,2.5,2.0,91.0,0.75,2327.2727272727275
Gala,3.0,0.0,2.5,1.5,87.5,1.5,2327.2727272727275
Granny Smith,1.0,-0.5,1.25,1.75,91.0,0.25,2327.2727272727275
Starkin Delicious,1.0,0.0,2.0,1.35,87.5,0.5,2327.2727272727275
Starkrimson Delicious,5.0,0.0,2.0,2.5,91.0,2.5,2327.2727272727275
JonaGold,1.5,0.0,2.5,2.6,89.0,0.75,2327.2727272727275
Braeburn,2.0,0.0,1.0,1.75,89.5,1.0,2327.2727272727275
Cripps Pink (Pink Lady),1.0,0.0,1.0,1.75,87.5,0.5,2327.2727272727275
Summer Red,3.0,0.0,1.25,2.5,89.5,2.0,2327.2727272727275
Red Chief,1.0,0.0,3.0,1.0,92.5,0.5,2327.2727272727275
Vista Bella,3.0,1.0,2.1,2.2,87.5,2.0,2327.2727272727275
Jersey Mac,2.0,0.0,2.1,2.2,87.5,1.0,2327.2727272727275
Amasya,4.0,2.0,3.0,4.0,87.5,3.0,2327.2727272727275
Honeycrisp,2.0,0.0,2.0,1.5,87.5,1.0,2327.2727272727275
Golden Delicious,1.0,0.0,2.5,2.0,91.0,0.75,2376.7676767676767
Gala,3.0,0.0,2.5,1.5,87.5,1.5,2376.7676767676767
Granny Smith,1.0,-0.5,1.25,1.75,91.0,0.25,2376.7676767676767
Starkin Delicious,1.0,0.0,2.0,1.35,87.5,0.5,2376.7676767676767
Starkrimson Delicious,5.0,0.0,2.0,2.5,91.0,2.5,2376.7676767676767
JonaGold,1.5,0.0,2.5,2.6,89.0,0.75,2376.7676767676767
Braeburn,2.0,0.0,1.0,1.75,89.5,1.0,2376.7676767676767
Cripps Pink (Pink Lady),1.0,0.0,1.0,1.75,87.5,0.5,2376.7676767676767
Summer Red,3.0,0.0,1.25,2.5,89.5,2.0,2376.7676767676767
Red Chief,1.0,0.0,3.0,1.0,92.5,0.5,2376.7676767676767
Vista Bella,3.0,1.0,2.1,2.2,87.5,2.0,2376.7676767676767
Jersey Mac,2.0,0.0,2.1,2.2,87.5,1.0,2376.7676767676767
Amasya,4.0,2.0,3.0,4.0,87.5,3.0,2376.7676767676767
Honeycrisp,2.0,0.0,2.0,1.5,87.5,1.0,2376.7676767676767
Golden Delicious,1.0,0.0,2.5,2.0,91.0,0.75,2426.2626262626263
Gala,3.0,0.0,2.5,1.5,87.5,1.5,2426.2626262626263
Granny Smith,1.0,-0.5,1.25,1.75,91.0,0.25,2426.2626262626263
Starkin Delicious,1.0,0.0,2.0,1.35,87.5,0.5,2426.2626262626263
Starkrimson Delicious,5.0,0.0,2.0,2.5,91.0,2.5,2426.2626262626263
JonaGold,1.5,0.0,2.5,2.6,89.0,0.75,2426.2626262626263
Braeburn,2.0,0.0,1.0,1.75,89.5,1.0,2426.2626262626263
Cripps Pink (Pink Lady),1.0,0.0,1.0,1.75,87.5,0.5,2426.2626262626263
Summer Red,3.0,0.0,1.25,2.5,89.5,2.0,2426.2626262626263
Red Chief,1.0,0.0,3.0,1.0,92.5,0.5,2426.2626262626263
Vista Bella,3.0,1.0,2.1,2.2,87.5,2.0,2426.2626262626263
Jersey Mac,2.0,0.0,2.1,2.2,87.5,1.0,2426.2626262626263
Amasya,4.0,2.0,3.0,4.0,87.5,3.0,2426.2626262626263
Honeycrisp,2.0,0.0,2.0,1.5,87.5,1.0,2426.2626262626263
Golden Delicious,1.0,0.0,2.5,2.0,91.0,0.75,2475.757575757576
Gala,3.0,0.0,2.5,1.5,87.5,1.5,2475.757575757576
Granny Smith,1.0,-0.5,1.25,1.75,91.0,0.25,2475.757575757576
Starkin Delicious,1.0,0.0,2.0,1.35,87.5,0.5,2475.757575757576
Starkrimson Delicious,5.0,0.0,2.0,2.5,91.0,2.5,2475.757575757576
JonaGold,1.5,0.0,2.5,2.6,89.0,0.75,2475.757575757576
Braeburn,2.0,0.0,1.0,1.75,89.5,1.0,2475.757575757576
Cripps Pink (Pink Lady),1.0,0.0,1.0,1.75,87.5,0.5,2475.757575757576
Summer Red,3.0,0.0,1.25,2.5,89.5,2.0,2475.757575757576
Red Chief,1.0,0.0,3.0,1.0,92.5,0.5,2475.757575757576
Vista Bella,3.0,1.0,2.1,2.2,87.5,2.0,2475.757575757576
Jersey Mac,2.0,0.0,2.1,2.2,87.5,1.0,2475.757575757576
Amasya,4.0,2.0,3.0,4.0,87.5,3.0,2475.757575757576
Honeycrisp,2.0,0.0,2.0,1.5,87.5,1.0,2475.757575757576
Golden Delicious,1.0,0.0,2.5,2.0,91.0,0.75,2525.252525252525
Gala,3.0,0.0,2.5,1.5,87.5,1.5,2525.252525252525
Granny Smith,1.0,-0.5,1.25,1.75,91.0,0.25,2525.252525252525
Starkin Delicious,1.0,0.0,2.0,1.35,87.5,0.5,2525.252525252525
Starkrimson Delicious,5.0,0.0,2.0,2.5,91.0,2.5,2525.252525252525
JonaGold,1.5,0.0,2.5,2.6,89.0,0.75,2525.252525252525
Braeburn,2.0,0.0,1.0,1.75,89.5,1.0,2525.252525252525
Cripps Pink (Pink Lady),1.0,0.0,1.0,1.75,87.5,0.5,2525.252525252525
Summer Red,3.0,0.0,1.25,2.5,89.5,2.0,2525.252525252525
Red Chief,1.0,0.0,3.0,1.0,92.5,0.5,2525.252525252525
Vista Bella,3.0,1.0,2.1,2.2,87.5,2.0,2525.252525252525
Jersey Mac,2.0,0.0,2.1,2.2,87.5,1.0,2525.252525252525
Amasya,4.0,2.0,3.0,4.0,87.5,3.0,2525.252525252525
Honeycrisp,2.0,0.0,2.0,1.5,87.5,1.0,2525.252525252525
Golden Delicious,1.0,0.0,2.5,2.0,91.0,0.75,2574.747474747475
Gala,3.0,0.0,2.5,1.5,87.5,1.5,2574.747474747475
Granny Smith,1.0,-0.5,1.25,1.75,91.0,0.25,2574.747474747475
Starkin Delicious,1.0,0.0,2.0,1.35,87.5,0.5,2574.747474747475
Starkrimson Delicious,5.0,0.0,2.0,2.5,91.0,2.5,2574.747474747475
JonaGold,1.5,0.0,2.5,2.6,89.0,0.75,2574.747474747475
Braeburn,2.0,0.0,1.0,1.75,89.5,1.0,2574.747474747475
Cripps Pink (Pink Lady),1.0,0.0,1.0,1.75,87.5,0.5,2574.747474747475
Summer Red,3.0,0.0,1.25,2.5,89.5,2.0,2574.747474747475
Red Chief,1.0,0.0,3.0,1.0,92.5,0.5,2574.747474747475
Vista Bella,3.0,1.0,2.1,2.2,87.5,2.0,2574.747474747475
Jersey Mac,2.0,0.0,2.1,2.2,87.5,1.0,2574.747474747475
Amasya,4.0,2.0,3.0,4.0,87.5,3.0,2574.747474747475
Honeycrisp,2.0,0.0,2.0,1.5,87.5,1.0,2574.747474747475
Golden Delicious,1.0,0.0,2.5,2.0,91.0,0.75,2624.242424242424
Gala,3.0,0.0,2.5,1.5,87.5,1.5,2624.242424242424
Granny Smith,1.0,-0.5,1.25,1.75,91.0,0.25,2624.242424242424
Starkin Delicious,1.0,0.0,2.0,1.35,87.5,0.5,2624.242424242424
Starkrimson Delicious,5.0,0.0,2.0,2.5,91.0,2.5,2624.242424242424
JonaGold,1.5,0.0,2.5,2.6,89.0,0.75,2624.242424242424
Braeburn,2.0,0.0,1.0,1.75,89.5,1.0,2624.242424242424
Cripps Pink (Pink Lady),1.0,0.0,1.0,1.75,87.5,0.5,2624.242424242424
Summer Red,3.0,0.0,1.25,2.5,89.5,2.0,2624.242424242424
Red Chief,1.0,0.0,3.0,1.0,92.5,0.5,2624.242424242424
Vista Bella,3.0,1.0,2.1,2.2,87.5,2.0,2624.242424242424
Jersey Mac,2.0,0.0,2.1,2.2,87.5,1.0,2624.242424242424
Amasya,4.0,2.0,3.0,4.0,87.5,3.0,2624.242424242424
Honeycrisp,2.0,0.0,2.0,1.5,87.5,1.0,2624.242424242424
Golden Delicious,1.0,0.0,2.5,2.0,91.0,0.75,2673.7373737373737
Gala,3.0,0.0,2.5,1.5,87.5,1.5,2673.7373737373737
Granny Smith,1.0,-0.5,1.25,1.75,91.0,0.25,2673.7373737373737
Starkin Delicious,1.0,0.0,2.0,1.35,87.5,0.5,2673.7373737373737
Starkrimson Delicious,5.0,0.0,2.0,2.5,91.0,2.5,2673.7373737373737
JonaGold,1.5,0.0,2.5,2.6,89.0,0.75,2673.7373737373737
Braeburn,2.0,0.0,1.0,1.75,89.5,1.0,2673.7373737373737
Cripps Pink (Pink Lady),1.0,0.0,1.0,1.75,87.5,0.5,2673.7373737373737
Summer Red,3.0,0.0,1.25,2.5,89.5,2.0,2673.7373737373737
Red Chief,1.0,0.0,3.0,1.0,92.5,0.5,2673.7373737373737
Vista Bella,3.0,1.0,2.1,2.2,87.5,2.0,2673.7373737373737
Jersey Mac,2.0,0.0,2.1,2.2,87.5,1.0,2673.7373737373737
Amasya,4.0,2.0,3.0,4.0,87.5,3.0,2673.7373737373737
Honeycrisp,2.0,0.0,2.0,1.5,87.5,1.0,2673.7373737373737
Golden Delicious,1.0,0.0,2.5,2.0,91.0,0.75,2723.2323232323233
Gala,3.0,0.0,2.5,1.5,87.5,1.5,2723.2323232323233
Granny Smith,1.0,-0.5,1.25,1.75,91.0,0.25,2723.2323232323233
Starkin Delicious,1.0,0.0,2.0,1.35,87.5,0.5,2723.2323232323233
Starkrimson Delicious,5.0,0.0,2.0,2.5,91.0,2.5,2723.2323232323233
JonaGold,1.5,0.0,2.5,2.6,89.0,0.75,2723.2323232323233
Braeburn,2.0,0.0,1.0,1.75,89.5,1.0,2723.2323232323233
Cripps Pink (Pink Lady),1.0,0.0,1.0,1.75,87.5,0.5,2723.2323232323233
Summer Red,3.0,0.0,1.25,2.5,89.5,2.0,2723.2323232323233
Red Chief,1.0,0.0,3.0,1.0,92.5,0.5,2723.2323232323233
Vista Bella,3.0,1.0,2.1,2.2,87.5,2.0,2723.2323232323233
Jersey Mac,2.0,0.0,2.1,2.2,87.5,1.0,2723.2323232323233
Amasya,4.0,2.0,3.0,4.0,87.5,3.0,2723.2323232323233
Honeycrisp,2.0,0.0,2.0,1.5,87.5,1.0,2723.2323232323233
Golden Delicious,1.0,0.0,2.5,2.0,91.0,0.75,2772.7272727272725
Gala,3.0,0.0,2.5,1.5,87.5,1.5,2772.7272727272725
Granny Smith,1.0,-0.5,1.25,1.75,91.0,0.25,2772.7272727272725
Starkin Delicious,1.0,0.0,2.0,1.35,87.5,0.5,2772.7272727272725
Starkrimson Delicious,5.0,0.0,2.0,2.5,91.0,2.5,2772.7272727272725
JonaGold,1.5,0.0,2.5,2.6,89.0,0.75,2772.7272727272725
Braeburn,2.0,0.0,1.0,1.75,89.5,1.0,2772.7272727272725
Cripps Pink (Pink Lady),1.0,0.0,1.0,1.75,87.5,0.5,2772.7272727272725
Summer Red,3.0,0.0,1.25,2.5,89.5,2.0,2772.7272727272725
Red Chief,1.0,0.0,3.0,1.0,92.5,0.5,2772.7272727272725
Vista Bella,3.0,1.0,2.1,2.2,87.5,2.0,2772.7272727272725
Jersey Mac,2.0,0.0,2.1,2.2,87.5,1.0,2772.7272727272725
Amasya,4.0,2.0,3.0,4.0,87.5,3.0,2772.7272727272725
Honeycrisp,2.0,0.0,2.0,1.5,87.5,1.0,2772.7272727272725
Golden Delicious,1.0,0.0,2.5,2.0,91.0,0.75,2822.222222222222
Gala,3.0,0.0,2.5,1.5,87.5,1.5,2822.222222222222
Granny Smith,1.0,-0.5,1.25,1.75,91.0,0.25,2822.222222222222
Starkin Delicious,1.0,0.0,2.0,1.35,87.5,0.5,2822.222222222222
Starkrimson Delicious,5.0,0.0,2.0,2.5,91.0,2.5,2822.222222222222
JonaGold,1.5,0.0,2.5,2.6,89.0,0.75,2822.222222222222
Braeburn,2.0,0.0,1.0,1.75,89.5,1.0,2822.222222222222
Cripps Pink (Pink Lady),1.0,0.0,1.0,1.75,87.5,0.5,2822.222222222222
Summer Red,3.0,0.0,1.25,2.5,89.5,2.0,2822.222222222222
Red Chief,1.0,0.0,3.0,1.0,92.5,0.5,2822.222222222222
Vista Bella,3.0,1.0,2.1,2.2,87.5,2.0,2822.222222222222
Jersey Mac,2.0,0.0,2.1,2.2,87.5,1.0,2822.222222222222
Amasya,4.0,2.0,3.0,4.0,87.5,3.0,2822.222222222222
Honeycrisp,2.0,0.0,2.0,1.5,87.5,1.0,2822.222222222222
Golden Delicious,1.0,0.0,2.5,2.0,91.0,0.75,2871.717171717172
Gala,3.0,0.0,2.5,1.5,87.5,1.5,2871.717171717172
Granny Smith,1.0,-0.5,1.25,1.75,91.0,0.25,2871.717171717172
Starkin Delicious,1.0,0.0,2.0,1.35,87.5,0.5,2871.717171717172
Starkrimson Delicious,5.0,0.0,2.0,2.5,91.0,2.5,2871.717171717172
JonaGold,1.5,0.0,2.5,2.6,89.0,0.75,2871.717171717172
Braeburn,2.0,0.0,1.0,1.75,89.5,1.0,2871.717171717172
Cripps Pink (Pink Lady),1.0,0.0,1.0,1.75,87.5,0.5,2871.717171717172
Summer Red,3.0,0.0,1.25,2.5,89.5,2.0,2871.717171717172
Red Chief,1.0,0.0,3.0,1.0,92.5,0.5,2871.717171717172
Vista Bella,3.0,1.0,2.1,2.2,87.5,2.0,2871.717171717172
Jersey Mac,2.0,0.0,2.1,2.2,87.5,1.0,2871.717171717172
Amasya,4.0,2.0,3.0,4.0,87.5,3.0,2871.717171717172
Honeycrisp,2.0,0.0,2.0,1.5,87.5,1.0,2871.717171717172
Golden Delicious,1.0,0.0,2.5,2.0,91.0,0.75,2921.212121212121
Gala,3.0,0.0,2.5,1.5,87.5,1.5,2921.212121212121
Granny Smith,1.0,-0.5,1.25,1.75,91.0,0.25,2921.212121212121
Starkin Delicious,1.0,0.0,2.0,1.35,87.5,0.5,2921.212121212121
Starkrimson Delicious,5.0,0.0,2.0,2.5,91.0,2.5,2921.212121212121
JonaGold,1.5,0.0,2.5,2.6,89.0,0.75,2921.212121212121
Braeburn,2.0,0.0,1.0,1.75,89.5,1.0,2921.212121212121
Cripps Pink (Pink Lady),1.0,0.0,1.0,1.75,87.5,0.5,2921.212121212121
Summer Red,3.0,0.0,1.25,2.5,89.5,2.0,2921.212121212121
Red Chief,1.0,0.0,3.0,1.0,92.5,0.5,2921.212121212121
Vista Bella,3.0,1.0,2.1,2.2,87.5,2.0,2921.212121212121
Jersey Mac,2.0,0.0,2.1,2.2,87.5,1.0,2921.212121212121
Amasya,4.0,2.0,3.0,4.0,87.5,3.0,2921.212121212121
Honeycrisp,2.0,0.0,2.0,1.5,87.5,1.0,2921.212121212121
Golden Delicious,1.0,0.0,2.5,2.0,91.0,0.75,2970.7070707070707
Gala,3.0,0.0,2.5,1.5,87.5,1.5,2970.7070707070707
Granny Smith,1.0,-0.5,1.25,1.75,91.0,0.25,2970.7070707070707
Starkin Delicious,1.0,0.0,2.0,1.35,87.5,0.5,2970.7070707070707
Starkrimson Delicious,5.0,0.0,2.0,2.5,91.0,2.5,2970.7070707070707
JonaGold,1.5,0.0,2.5,2.6,89.0,0.75,2970.7070707070707
Braeburn,2.0,0.0,1.0,1.75,89.5,1.0,2970.7070707070707
Cripps Pink (Pink Lady),1.0,0.0,1.0,1.75,87.5,0.5,2970.7070707070707
Summer Red,3.0,0.0,1.25,2.5,89.5,2.0,2970.7070707070707
Red Chief,1.0,0.0,3.0,1.0,92.5,0.5,2970.7070707070707
Vista Bella,3.0,1.0,2.1,2.2,87.5,2.0,2970.7070707070707
Jersey Mac,2.0,0.0,2.1,2.2,87.5,1.0,2970.7070707070707
Amasya,4.0,2.0,3.0,4.0,87.5,3.0,2970.7070707070707
Honeycrisp,2.0,0.0,2.0,1.5,87.5,1.0,2970.7070707070707
Golden Delicious,1.0,0.0,2.5,2.0,91.0,0.75,3020.2020202020203
Gala,3.0,0.0,2.5,1.5,87.5,1.5,3020.2020202020203
Granny Smith,1.0,-0.5,1.25,1.75,91.0,0.25,3020.2020202020203
Starkin Delicious,1.0,0.0,2.0,1.35,87.5,0.5,3020.2020202020203
Starkrimson Delicious,5.0,0.0,2.0,2.5,91.0,2.5,3020.2020202020203
JonaGold,1.5,0.0,2.5,2.6,89.0,0.75,3020.2020202020203
Braeburn,2.0,0.0,1.0,1.75,89.5,1.0,3020.2020202020203
Cripps Pink (Pink Lady),1.0,0.0,1.0,1.75,87.5,0.5,3020.2020202020203
Summer Red,3.0,0.0,1.25,2.5,89.5,2.0,3020.2020202020203
Red Chief,1.0,0.0,3.0,1.0,92.5,0.5,3020.2020202020203
Vista Bella,3.0,1.0,2.1,2.2,87.5,2.0,3020.2020202020203
Jersey Mac,2.0,0.0,2.1,2.2,87.5,1.0,3020.2020202020203
Amasya,4.0,2.0,3.0,4.0,87.5,3.0,3020.2020202020203
Honeycrisp,2.0,0.0,2.0,1.5,87.5,1.0,3020.2020202020203
Golden Delicious,1.0,0.0,2.5,2.0,91.0,0.75,3069.6969696969695
Gala,3.0,0.0,2.5,1.5,87.5,1.5,3069.6969696969695
Granny Smith,1.0,-0.5,1.25,1.75,91.0,0.25,3069.6969696969695
Starkin Delicious,1.0,0.0,2.0,1.35,87.5,0.5,3069.6969696969695
Starkrimson Delicious,5.0,0.0,2.0,2.5,91.0,2.5,3069.6969696969695
JonaGold,1.5,0.0,2.5,2.6,89.0,0.75,3069.6969696969695
Braeburn,2.0,0.0,1.0,1.75,89.5,1.0,3069.6969696969695
Cripps Pink (Pink Lady),1.0,0.0,1.0,1.75,87.5,0.5,3069.6969696969695
Summer Red,3.0,0.0,1.25,2.5,89.5,2.0,3069.6969696969695
Red Chief,1.0,0.0,3.0,1.0,92.5,0.5,3069.6969696969695
Vista Bella,3.0,1.0,2.1,2.2,87.5,2.0,3069.6969696969695
Jersey Mac,2.0,0.0,2.1,2.2,87.5,1.0,3069.6969696969695
Amasya,4.0,2.0,3.0,4.0,87.5,3.0,3069.6969696969695
Honeycrisp,2.0,0.0,2.0,1.5,87.5,1.0,3069.6969696969695
Golden Delicious,1.0,0.0,2.5,2.0,91.0,0.75,3119.191919191919
Gala,3.0,0.0,2.5,1.5,87.5,1.5,3119.191919191919
Granny Smith,1.0,-0.5,1.25,1.75,91.0,0.25,3119.191919191919
Starkin Delicious,1.0,0.0,2.0,1.35,87.5,0.5,3119.191919191919
Starkrimson Delicious,5.0,0.0,2.0,2.5,91.0,2.5,3119.191919191919
JonaGold,1.5,0.0,2.5,2.6,89.0,0.75,3119.191919191919
Braeburn,2.0,0.0,1.0,1.75,89.5,1.0,3119.191919191919
Cripps Pink (Pink Lady),1.0,0.0,1.0,1.75,87.5,0.5,3119.191919191919
Summer Red,3.0,0.0,1.25,2.5,89.5,2.0,3119.191919191919
Red Chief,1.0,0.0,3.0,1.0,92.5,0.5,3119.191919191919
Vista Bella,3.0,1.0,2.1,2.2,87.5,2.0,3119.191919191919
Jersey Mac,2.0,0.0,2.1,2.2,87.5,1.0,3119.191919191919
Amasya,4.0,2.0,3.0,4.0,87.5,3.0,3119.191919191919
Honeycrisp,2.0,0.0,2.0,1.5,87.5,1.0,3119.191919191919
Golden Delicious,1.0,0.0,2.5,2.0,91.0,0.75,3168.686868686869
Gala,3.0,0.0,2.5,1.5,87.5,1.5,3168.686868686869
Granny Smith,1.0,-0.5,1.25,1.75,91.0,0.25,3168.686868686869
Starkin Delicious,1.0,0.0,2.0,1.35,87.5,0.5,3168.686868686869
Starkrimson Delicious,5.0,0.0,2.0,2.5,91.0,2.5,3168.686868686869
JonaGold,1.5,0.0,2.5,2.6,89.0,0.75,3168.686868686869
Braeburn,2.0,0.0,1.0,1.75,89.5,1.0,3168.686868686869
Cripps Pink (Pink Lady),1.0,0.0,1.0,1.75,87.5,0.5,3168.686868686869
Summer Red,3.0,0.0,1.25,2.5,89.5,2.0,3168.686868686869
Red Chief,1.0,0.0,3.0,1.0,92.5,0.5,3168.686868686869
Vista Bella,3.0,1.0,2.1,2.2,87.5,2.0,3168.686868686869
Jersey Mac,2.0,0.0,2.1,2.2,87.5,1.0,3168.686868686869
Amasya,4.0,2.0,3.0,4.0,87.5,3.0,3168.686868686869
Honeycrisp,2.0,0.0,2.0,1.5,87.5,1.0,3168.686868686869
Golden Delicious,1.0,0.0,2.5,2.0,91.0,0.75,3218.181818181818
Gala,3.0,0.0,2.5,1.5,87.5,1.5,3218.181818181818
Granny Smith,1.0,-0.5,1.25,1.75,91.0,0.25,3218.181818181818
Starkin Delicious,1.0,0.0,2.0,1.35,87.5,0.5,3218.181818181818
Starkrimson Delicious,5.0,0.0,2.0,2.5,91.0,2.5,3218.181818181818
JonaGold,1.5,0.0,2.5,2.6,89.0,0.75,3218.181818181818
Braeburn,2.0,0.0,1.0,1.75,89.5,1.0,3218.181818181818
Cripps Pink (Pink Lady),1.0,0.0,1.0,1.75,87.5,0.5,3218.181818181818
Summer Red,3.0,0.0,1.25,2.5,89.5,2.0,3218.181818181818
Red Chief,1.0,0.0,3.0,1.0,92.5,0.5,3218.181818181818
Vista Bella,3.0,1.0,2.1,2.2,87.5,2.0,3218.181818181818
Jersey Mac,2.0,0.0,2.1,2.2,87.5,1.0,3218.181818181818
Amasya,4.0,2.0,3.0,4.0,87.5,3.0,3218.181818181818
Honeycrisp,2.0,0.0,2.0,1.5,87.5,1.0,3218.181818181818
Golden Delicious,1.0,0.0,2.5,2.0,91.0,0.75,3267.6767676767677
Gala,3.0,0.0,2.5,1.5,87.5,1.5,3267.6767676767677
Granny Smith,1.0,-0.5,1.25,1.75,91.0,0.25,3267.6767676767677
Starkin Delicious,1.0,0.0,2.0,1.35,87.5,0.5,3267.6767676767677
Starkrimson Delicious,5.0,0.0,2.0,2.5,91.0,2.5,3267.6767676767677
JonaGold,1.5,0.0,2.5,2.6,89.0,0.75,3267.6767676767677
Braeburn,2.0,0.0,1.0,1.75,89.5,1.0,3267.6767676767677
Cripps Pink (Pink Lady),1.0,0.0,1.0,1.75,87.5,0.5,3267.6767676767677
Summer Red,3.0,0.0,1.25,2.5,89.5,2.0,3267.6767676767677
Red Chief,1.0,0.0,3.0,1.0,92.5,0.5,3267.6767676767677
Vista Bella,3.0,1.0,2.1,2.2,87.5,2.0,3267.6767676767677
Jersey Mac,2.0,0.0,2.1,2.2,87.5,1.0,3267.6767676767677
Amasya,4.0,2.0,3.0,4.0,87.5,3.0,3267.6767676767677
Honeycrisp,2.0,0.0,2.0,1.5,87.5,1.0,3267.6767676767677
Golden Delicious,1.0,0.0,2.5,2.0,91.0,0.75,3317.1717171717173
Gala,3.0,0.0,2.5,1.5,87.5,1.5,3317.1717171717173
Granny Smith,1.0,-0.5,1.25,1.75,91.0,0.25,3317.1717171717173
Starkin Delicious,1.0,0.0,2.0,1.35,87.5,0.5,3317.1717171717173
Starkrimson Delicious,5.0,0.0,2.0,2.5,91.0,2.5,3317.1717171717173
JonaGold,1.5,0.0,2.5,2.6,89.0,0.75,3317.1717171717173
Braeburn,2.0,0.0,1.0,1.75,89.5,1.0,3317.1717171717173
Cripps Pink (Pink Lady),1.0,0.0,1.0,1.75,87.5,0.5,3317.1717171717173
Summer Red,3.0,0.0,1.25,2.5,89.5,2.0,3317.1717171717173
Red Chief,1.0,0.0,3.0,1.0,92.5,0.5,3317.1717171717173
Vista Bella,3.0,1.0,2.1,2.2,87.5,2.0,3317.1717171717173
Jersey Mac,2.0,0.0,2.1,2.2,87.5,1.0,3317.1717171717173
Amasya,4.0,2.0,3.0,4.0,87.5,3.0,3317.1717171717173
Honeycrisp,2.0,0.0,2.0,1.5,87.5,1.0,3317.1717171717173
Golden Delicious,1.0,0.0,2.5,2.0,91.0,0.75,3366.6666666666665
Gala,3.0,0.0,2.5,1.5,87.5,1.5,3366.6666666666665
Granny Smith,1.0,-0.5,1.25,1.75,91.0,0.25,3366.6666666666665
Starkin Delicious,1.0,0.0,2.0,1.35,87.5,0.5,3366.6666666666665
Starkrimson Delicious,5.0,0.0,2.0,2.5,91.0,2.5,3366.6666666666665
JonaGold,1.5,0.0,2.5,2.6,89.0,0.75,3366.6666666666665
Braeburn,2.0,0.0,1.0,1.75,89.5,1.0,3366.6666666666665
Cripps Pink (Pink Lady),1.0,0.0,1.0,1.75,87.5,0.5,3366.6666666666665
Summer Red,3.0,0.0,1.25,2.5,89.5,2.0,3366.6666666666665
Red Chief,1.0,0.0,3.0,1.0,92.5,0.5,3366.6666666666665
Vista Bella,3.0,1.0,2.1,2.2,87.5,2.0,3366.6666666666665
Jersey Mac,2.0,0.0,2.1,2.2,87.5,1.0,3366.6666666666665
Amasya,4.0,2.0,3.0,4.0,87.5,3.0,3366.6666666666665
Honeycrisp,2.0,0.0,2.0,1.5,87.5,1.0,3366.6666666666665
Golden Delicious,1.0,0.0,2.5,2.0,91.0,0.75,3416.161616161616
Gala,3.0,0.0,2.5,1.5,87.5,1.5,3416.161616161616
Granny Smith,1.0,-0.5,1.25,1.75,91.0,0.25,3416.161616161616
Starkin Delicious,1.0,0.0,2.0,1.35,87.5,0.5,3416.161616161616
Starkrimson Delicious,5.0,0.0,2.0,2.5,91.0,2.5,3416.161616161616
JonaGold,1.5,0.0,2.5,2.6,89.0,0.75,3416.161616161616
Braeburn,2.0,0.0,1.0,1.75,89.5,1.0,3416.161616161616
Cripps Pink (Pink Lady),1.0,0.0,1.0,1.75,87.5,0.5,3416.161616161616
Summer Red,3.0,0.0,1.25,2.5,89.5,2.0,3416.161616161616
Red Chief,1.0,0.0,3.0,1.0,92.5,0.5,3416.161616161616
Vista Bella,3.0,1.0,2.1,2.2,87.5,2.0,3416.161616161616
Jersey Mac,2.0,0.0,2.1,2.2,87.5,1.0,3416.161616161616
Amasya,4.0,2.0,3.0,4.0,87.5,3.0,3416.161616161616
Honeycrisp,2.0,0.0,2.0,1.5,87.5,1.0,3416.161616161616
Golden Delicious,1.0,0.0,2.5,2.0,91.0,0.75,3465.656565656566
Gala,3.0,0.0,2.5,1.5,87.5,1.5,3465.656565656566
Granny Smith,1.0,-0.5,1.25,1.75,91.0,0.25,3465.656565656566
Starkin Delicious,1.0,0.0,2.0,1.35,87.5,0.5,3465.656565656566
Starkrimson Delicious,5.0,0.0,2.0,2.5,91.0,2.5,3465.656565656566
JonaGold,1.5,0.0,2.5,2.6,89.0,0.75,3465.656565656566
Braeburn,2.0,0.0,1.0,1.75,89.5,1.0,3465.656565656566
Cripps Pink (Pink Lady),1.0,0.0,1.0,1.75,87.5,0.5,3465.656565656566
Summer Red,3.0,0.0,1.25,2.5,89.5,2.0,3465.656565656566
Red Chief,1.0,0.0,3.0,1.0,92.5,0.5,3465.656565656566
Vista Bella,3.0,1.0,2.1,2.2,87.5,2.0,3465.656565656566
Jersey Mac,2.0,0.0,2.1,2.2,87.5,1.0,3465.656565656566
Amasya,4.0,2.0,3.0,4.0,87.5,3.0,3465.656565656566
Honeycrisp,2.0,0.0,2.0,1.5,87.5,1.0,3465.656565656566
Golden Delicious,1.0,0.0,2.5,2.0,91.0,0.75,3515.151515151515
Gala,3.0,0.0,2.5,1.5,87.5,1.5,3515.151515151515
Granny Smith,1.0,-0.5,1.25,1.75,91.0,0.25,3515.151515151515
Starkin Delicious,1.0,0.0,2.0,1.35,87.5,0.5,3515.151515151515
Starkrimson Delicious,5.0,0.0,2.0,2.5,91.0,2.5,3515.151515151515
JonaGold,1.5,0.0,2.5,2.6,89.0,0.75,3515.151515151515
Braeburn,2.0,0.0,1.0,1.75,89.5,1.0,3515.151515151515
Cripps Pink (Pink Lady),1.0,0.0,1.0,1.75,87.5,0.5,3515.151515151515
Summer Red,3.0,0.0,1.25,2.5,89.5,2.0,3515.151515151515
Red Chief,1.0,0.0,3.0,1.0,92.5,0.5,3515.151515151515
Vista Bella,3.0,1.0,2.1,2.2,87.5,2.0,3515.151515151515
Jersey Mac,2.0,0.0,2.1,2.2,87.5,1.0,3515.151515151515
Amasya,4.0,2.0,3.0,4.0,87.5,3.0,3515.151515151515
Honeycrisp,2.0,0.0,2.0,1.5,87.5,1.0,3515.151515151515
Golden Delicious,1.0,0.0,2.5,2.0,91.0,0.75,3564.6464646464647
Gala,3.0,0.0,2.5,1.5,87.5,1.5,3564.6464646464647
Granny Smith,1.0,-0.5,1.25,1.75,91.0,0.25,3564.6464646464647
Starkin Delicious,1.0,0.0,2.0,1.35,87.5,0.5,3564.6464646464647
Starkrimson Delicious,5.0,0.0,2.0,2.5,91.0,2.5,3564.6464646464647
JonaGold,1.5,0.0,2.5,2.6,89.0,0.75,3564.6464646464647
Braeburn,2.0,0.0,1.0,1.75,89.5,1.0,3564.6464646464647
Cripps Pink (Pink Lady),1.0,0.0,1.0,1.75,87.5,0.5,3564.6464646464647
Summer Red,3.0,0.0,1.25,2.5,89.5,2.0,3564.6464646464647
Red Chief,1.0,0.0,3.0,1.0,92.5,0.5,3564.6464646464647
Vista Bella,3.0,1.0,2.1,2.2,87.5,2.0,3564.6464646464647
Jersey Mac,2.0,0.0,2.1,2.2,87.5,1.0,3564.6464646464647
Amasya,4.0,2.0,3.0,4.0,87.5,3.0,3564.6464646464647
Honeycrisp,2.0,0.0,2.0,1.5,87.5,1.0,3564.6464646464647
Golden Delicious,1.0,0.0,2.5,2.0,91.0,0.75,3614.1414141414143
Gala,3.0,0.0,2.5,1.5,87.5,1.5,3614.1414141414143
Granny Smith,1.0,-0.5,1.25,1.75,91.0,0.25,3614.1414141414143
Starkin Delicious,1.0,0.0,2.0,1.35,87.5,0.5,3614.1414141414143
Starkrimson Delicious,5.0,0.0,2.0,2.5,91.0,2.5,3614.1414141414143
JonaGold,1.5,0.0,2.5,2.6,89.0,0.75,3614.1414141414143
Braeburn,2.0,0.0,1.0,1.75,89.5,1.0,3614.1414141414143
Cripps Pink (Pink Lady),1.0,0.0,1.0,1.75,87.5,0.5,3614.1414141414143
Summer Red,3.0,0.0,1.25,2.5,89.5,2.0,3614.1414141414143
Red Chief,1.0,0.0,3.0,1.0,92.5,0.5,3614.1414141414143
Vista Bella,3.0,1.0,2.1,2.2,87.5,2.0,3614.1414141414143
Jersey Mac,2.0,0.0,2.1,2.2,87.5,1.0,3614.1414141414143
Amasya,4.0,2.0,3.0,4.0,87.5,3.0,3614.1414141414143
Honeycrisp,2.0,0.0,2.0,1.5,87.5,1.0,3614.1414141414143
Golden Delicious,1.0,0.0,2.5,2.0,91.0,0.75,3663.6363636363635
Gala,3.0,0.0,2.5,1.5,87.5,1.5,3663.6363636363635
Granny Smith,1.0,-0.5,1.25,1.75,91.0,0.25,3663.6363636363635
Starkin Delicious,1.0,0.0,2.0,1.35,87.5,0.5,3663.6363636363635
Starkrimson Delicious,5.0,0.0,2.0,2.5,91.0,2.5,3663.6363636363635
JonaGold,1.5,0.0,2.5,2.6,89.0,0.75,3663.6363636363635
Braeburn,2.0,0.0,1.0,1.75,89.5,1.0,3663.6363636363635
Cripps Pink (Pink Lady),1.0,0.0,1.0,1.75,87.5,0.5,3663.6363636363635
Summer Red,3.0,0.0,1.25,2.5,89.5,2.0,3663.6363636363635
Red Chief,1.0,0.0,3.0,1.0,92.5,0.5,3663.6363636363635
Vista Bella,3.0,1.0,2.1,2.2,87.5,2.0,3663.6363636363635
Jersey Mac,2.0,0.0,2.1,2.2,87.5,1.0,3663.6363636363635
Amasya,4.0,2.0,3.0,4.0,87.5,3.0,3663.6363636363635
Honeycrisp,2.0,0.0,2.0,1.5,87.5,1.0,3663.6363636363635
Golden Delicious,1.0,0.0,2.5,2.0,91.0,0.75,3713.131313131313
Gala,3.0,0.0,2.5,1.5,87.5,1.5,3713.131313131313
Granny Smith,1.0,-0.5,1.25,1.75,91.0,0.25,3713.131313131313
Starkin Delicious,1.0,0.0,2.0,1.35,87.5,0.5,3713.131313131313
Starkrimson Delicious,5.0,0.0,2.0,2.5,91.0,2.5,3713.131313131313
JonaGold,1.5,0.0,2.5,2.6,89.0,0.75,3713.131313131313
Braeburn,2.0,0.0,1.0,1.75,89.5,1.0,3713.131313131313
Cripps Pink (Pink Lady),1.0,0.0,1.0,1.75,87.5,0.5,3713.131313131313
Summer Red,3.0,0.0,1.25,2.5,89.5,2.0,3713.131313131313
Red Chief,1.0,0.0,3.0,1.0,92.5,0.5,3713.131313131313
Vista Bella,3.0,1.0,2.1,2.2,87.5,2.0,3713.131313131313
Jersey Mac,2.0,0.0,2.1,2.2,87.5,1.0,3713.131313131313
Amasya,4.0,2.0,3.0,4.0,87.5,3.0,3713.131313131313
Honeycrisp,2.0,0.0,2.0,1.5,87.5,1.0,3713.131313131313
Golden Delicious,1.0,0.0,2.5,2.0,91.0,0.75,3762.626262626263
Gala,3.0,0.0,2.5,1.5,87.5,1.5,3762.626262626263
Granny Smith,1.0,-0.5,1.25,1.75,91.0,0.25,3762.626262626263
Starkin Delicious,1.0,0.0,2.0,1.35,87.5,0.5,3762.626262626263
Starkrimson Delicious,5.0,0.0,2.0,2.5,91.0,2.5,3762.626262626263
JonaGold,1.5,0.0,2.5,2.6,89.0,0.75,3762.626262626263
Braeburn,2.0,0.0,1.0,1.75,89.5,1.0,3762.626262626263
Cripps Pink (Pink Lady),1.0,0.0,1.0,1.75,87.5,0.5,3762.626262626263
Summer Red,3.0,0.0,1.25,2.5,89.5,2.0,3762.626262626263
Red Chief,1.0,0.0,3.0,1.0,92.5,0.5,3762.626262626263
Vista Bella,3.0,1.0,2.1,2.2,87.5,2.0,3762.626262626263
Jersey Mac,2.0,0.0,2.1,2.2,87.5,1.0,3762.626262626263
Amasya,4.0,2.0,3.0,4.0,87.5,3.0,3762.626262626263
Honeycrisp,2.0,0.0,2.0,1.5,87.5,1.0,3762.626262626263
Golden Delicious,1.0,0.0,2.5,2.0,91.0,0.75,3812.121212121212
Gala,3.0,0.0,2.5,1.5,87.5,1.5,3812.121212121212
Granny Smith,1.0,-0.5,1.25,1.75,91.0,0.25,3812.121212121212
Starkin Delicious,1.0,0.0,2.0,1.35,87.5,0.5,3812.121212121212
Starkrimson Delicious,5.0,0.0,2.0,2.5,91.0,2.5,3812.121212121212
JonaGold,1.5,0.0,2.5,2.6,89.0,0.75,3812.121212121212
Braeburn,2.0,0.0,1.0,1.75,89.5,1.0,3812.121212121212
Cripps Pink (Pink Lady),1.0,0.0,1.0,1.75,87.5,0.5,3812.121212121212
Summer Red,3.0,0.0,1.25,2.5,89.5,2.0,3812.121212121212
Red Chief,1.0,0.0,3.0,1.0,92.5,0.5,3812.121212121212
Vista Bella,3.0,1.0,2.1,2.2,87.5,2.0,3812.121212121212
Jersey Mac,2.0,0.0,2.1,2.2,87.5,1.0,3812.121212121212
Amasya,4.0,2.0,3.0,4.0,87.5,3.0,3812.121212121212
Honeycrisp,2.0,0.0,2.0,1.5,87.5,1.0,3812.121212121212
Golden Delicious,1.0,0.0,2.5,2.0,91.0,0.75,3861.6161616161617
Gala,3.0,0.0,2.5,1.5,87.5,1.5,3861.6161616161617
Granny Smith,1.0,-0.5,1.25,1.75,91.0,0.25,3861.6161616161617
Starkin Delicious,1.0,0.0,2.0,1.35,87.5,0.5,3861.6161616161617
Starkrimson Delicious,5.0,0.0,2.0,2.5,91.0,2.5,3861.6161616161617
JonaGold,1.5,0.0,2.5,2.6,89.0,0.75,3861.6161616161617
Braeburn,2.0,0.0,1.0,1.75,89.5,1.0,3861.6161616161617
Cripps Pink (Pink Lady),1.0,0.0,1.0,1.75,87.5,0.5,3861.6161616161617
Summer Red,3.0,0.0,1.25,2.5,89.5,2.0,3861.6161616161617
Red Chief,1.0,0.0,3.0,1.0,92.5,0.5,3861.6161616161617
Vista Bella,3.0,1.0,2.1,2.2,87.5,2.0,3861.6161616161617
Jersey Mac,2.0,0.0,2.1,2.2,87.5,1.0,3861.6161616161617
Amasya,4.0,2.0,3.0,4.0,87.5,3.0,3861.6161616161617
Honeycrisp,2.0,0.0,2.0,1.5,87.5,1.0,3861.6161616161617
Golden Delicious,1.0,0.0,2.5,2.0,91.0,0.75,3911.1111111111113
Gala,3.0,0.0,2.5,1.5,87.5,1.5,3911.1111111111113
Granny Smith,1.0,-0.5,1.25,1.75,91.0,0.25,3911.1111111111113
Starkin Delicious,1.0,0.0,2.0,1.35,87.5,0.5,3911.1111111111113
Starkrimson Delicious,5.0,0.0,2.0,2.5,91.0,2.5,3911.1111111111113
JonaGold,1.5,0.0,2.5,2.6,89.0,0.75,3911.1111111111113
Braeburn,2.0,0.0,1.0,1.75,89.5,1.0,3911.1111111111113
Cripps Pink (Pink Lady),1.0,0.0,1.0,1.75,87.5,0.5,3911.1111111111113
Summer Red,3.0,0.0,1.25,2.5,89.5,2.0,3911.1111111111113
Red Chief,1.0,0.0,3.0,1.0,92.5,0.5,3911.1111111111113
Vista Bella,3.0,1.0,2.1,2.2,87.5,2.0,3911.1111111111113
Jersey Mac,2.0,0.0,2.1,2.2,87.5,1.0,3911.1111111111113
Amasya,4.0,2.0,3.0,4.0,87.5,3.0,3911.1111111111113
Honeycrisp,2.0,0.0,2.0,1.5,87.5,1.0,3911.1111111111113
Golden Delicious,1.0,0.0,2.5,2.0,91.0,0.75,3960.6060606060605
Gala,3.0,0.0,2.5,1.5,87.5,1.5,3960.6060606060605
Granny Smith,1.0,-0.5,1.25,1.75,91.0,0.25,3960.6060606060605
Starkin Delicious,1.0,0.0,2.0,1.35,87.5,0.5,3960.6060606060605
Starkrimson Delicious,5.0,0.0,2.0,2.5,91.0,2.5,3960.6060606060605
JonaGold,1.5,0.0,2.5,2.6,89.0,0.75,3960.6060606060605
Braeburn,2.0,0.0,1.0,1.75,89.5,1.0,3960.6060606060605
Cripps Pink (Pink Lady),1.0,0.0,1.0,1.75,87.5,0.5,3960.6060606060605
Summer Red,3.0,0.0,1.25,2.5,89.5,2.0,3960.6060606060605
Red Chief,1.0,0.0,3.0,1.0,92.5,0.5,3960.6060606060605
Vista Bella,3.0,1.0,2.1,2.2,87.5,2.0,3960.6060606060605
Jersey Mac,2.0,0.0,2.1,2.2,87.5,1.0,3960.6060606060605
Amasya,4.0,2.0,3.0,4.0,87.5,3.0,3960.6060606060605
Honeycrisp,2.0,0.0,2.0,1.5,87.5,1.0,3960.6060606060605
Golden Delicious,1.0,0.0,2.5,2.0,91.0,0.75,4010.10101010101
Gala,3.0,0.0,2.5,1.5,87.5,1.5,4010.10101010101
Granny Smith,1.0,-0.5,1.25,1.75,91.0,0.25,4010.10101010101
Starkin Delicious,1.0,0.0,2.0,1.35,87.5,0.5,4010.10101010101
Starkrimson Delicious,5.0,0.0,2.0,2.5,91.0,2.5,4010.10101010101
JonaGold,1.5,0.0,2.5,2.6,89.0,0.75,4010.10101010101
Braeburn,2.0,0.0,1.0,1.75,89.5,1.0,4010.10101010101
Cripps Pink (Pink Lady),1.0,0.0,1.0,1.75,87.5,0.5,4010.10101010101
Summer Red,3.0,0.0,1.25,2.5,89.5,2.0,4010.10101010101
Red Chief,1.0,0.0,3.0,1.0,92.5,0.5,4010.10101010101
Vista Bella,3.0,1.0,2.1,2.2,87.5,2.0,4010.10101010101
Jersey Mac,2.0,0.0,2.1,2.2,87.5,1.0,4010.10101010101
Amasya,4.0,2.0,3.0,4.0,87.5,3.0,4010.10101010101
Honeycrisp,2.0,0.0,2.0,1.5,87.5,1.0,4010.10101010101
Golden Delicious,1.0,0.0,2.5,2.0,91.0,0.75,4059.5959595959594
Gala,3.0,0.0,2.5,1.5,87.5,1.5,4059.5959595959594
Granny Smith,1.0,-0.5,1.25,1.75,91.0,0.25,4059.5959595959594
Starkin Delicious,1.0,0.0,2.0,1.35,87.5,0.5,4059.5959595959594
Starkrimson Delicious,5.0,0.0,2.0,2.5,91.0,2.5,4059.5959595959594
JonaGold,1.5,0.0,2.5,2.6,89.0,0.75,4059.5959595959594
Braeburn,2.0,0.0,1.0,1.75,89.5,1.0,4059.5959595959594
Cripps Pink (Pink Lady),1.0,0.0,1.0,1.75,87.5,0.5,4059.5959595959594
Summer Red,3.0,0.0,1.25,2.5,89.5,2.0,4059.5959595959594
Red Chief,1.0,0.0,3.0,1.0,92.5,0.5,4059.5959595959594
Vista Bella,3.0,1.0,2.1,2.2,87.5,2.0,4059.5959595959594
Jersey Mac,2.0,0.0,2.1,2.2,87.5,1.0,4059.5959595959594
Amasya,4.0,2.0,3.0,4.0,87.5,3.0,4059.5959595959594
Honeycrisp,2.0,0.0,2.0,1.5,87.5,1.0,4059.5959595959594
Golden Delicious,1.0,0.0,2.5,2.0,91.0,0.75,4109.090909090909
Gala,3.0,0.0,2.5,1.5,87.5,1.5,4109.090909090909
Granny Smith,1.0,-0.5,1.25,1.75,91.0,0.25,4109.090909090909
Starkin Delicious,1.0,0.0,2.0,1.35,87.5,0.5,4109.090909090909
Starkrimson Delicious,5.0,0.0,2.0,2.5,91.0,2.5,4109.090909090909
JonaGold,1.5,0.0,2.5,2.6,89.0,0.75,4109.090909090909
Braeburn,2.0,0.0,1.0,1.75,89.5,1.0,4109.090909090909
Cripps Pink (Pink Lady),1.0,0.0,1.0,1.75,87.5,0.5,4109.090909090909
Summer Red,3.0,0.0,1.25,2.5,89.5,2.0,4109.090909090909
Red Chief,1.0,0.0,3.0,1.0,92.5,0.5,4109.090909090909
Vista Bella,3.0,1.0,2.1,2.2,87.5,2.0,4109.090909090909
Jersey Mac,2.0,0.0,2.1,2.2,87.5,1.0,4109.090909090909
Amasya,4.0,2.0,3.0,4.0,87.5,3.0,4109.090909090909
Honeycrisp,2.0,0.0,2.0,1.5,87.5,1.0,4109.090909090909
Golden Delicious,1.0,0.0,2.5,2.0,91.0,0.75,4158.585858585859
Gala,3.0,0.0,2.5,1.5,87.5,1.5,4158.585858585859
Granny Smith,1.0,-0.5,1.25,1.75,91.0,0.25,4158.585858585859
Starkin Delicious,1.0,0.0,2.0,1.35,87.5,0.5,4158.585858585859
Starkrimson Delicious,5.0,0.0,2.0,2.5,91.0,2.5,4158.585858585859
JonaGold,1.5,0.0,2.5,2.6,89.0,0.75,4158.585858585859
Braeburn,2.0,0.0,1.0,1.75,89.5,1.0,4158.585858585859
Cripps Pink (Pink Lady),1.0,0.0,1.0,1.75,87.5,0.5,4158.585858585859
Summer Red,3.0,0.0,1.25,2.5,89.5,2.0,4158.585858585859
Red Chief,1.0,0.0,3.0,1.0,92.5,0.5,4158.585858585859
Vista Bella,3.0,1.0,2.1,2.2,87.5,2.0,4158.585858585859
Jersey Mac,2.0,0.0,2.1,2.2,87.5,1.0,4158.585858585859
Amasya,4.0,2.0,3.0,4.0,87.5,3.0,4158.585858585859
Honeycrisp,2.0,0.0,2.0,1.5,87.5,1.0,4158.585858585859
Golden Delicious,1.0,0.0,2.5,2.0,91.0,0.75,4208.080808080808
Gala,3.0,0.0,2.5,1.5,87.5,1.5,4208.080808080808
Granny Smith,1.0,-0.5,1.25,1.75,91.0,0.25,4208.080808080808
Starkin Delicious,1.0,0.0,2.0,1.35,87.5,0.5,4208.080808080808
Starkrimson Delicious,5.0,0.0,2.0,2.5,91.0,2.5,4208.080808080808
JonaGold,1.5,0.0,2.5,2.6,89.0,0.75,4208.080808080808
Braeburn,2.0,0.0,1.0,1.75,89.5,1.0,4208.080808080808
Cripps Pink (Pink Lady),1.0,0.0,1.0,1.75,87.5,0.5,4208.080808080808
Summer Red,3.0,0.0,1.25,2.5,89.5,2.0,4208.080808080808
Red Chief,1.0,0.0,3.0,1.0,92.5,0.5,4208.080808080808
Vista Bella,3.0,1.0,2.1,2.2,87.5,2.0,4208.080808080808
Jersey Mac,2.0,0.0,2.1,2.2,87.5,1.0,4208.080808080808
Amasya,4.0,2.0,3.0,4.0,87.5,3.0,4208.080808080808
Honeycrisp,2.0,0.0,2.0,1.5,87.5,1.0,4208.080808080808
Golden Delicious,1.0,0.0,2.5,2.0,91.0,0.75,4257.575757575758
Gala,3.0,0.0,2.5,1.5,87.5,1.5,4257.575757575758
Granny Smith,1.0,-0.5,1.25,1.75,91.0,0.25,4257.575757575758
Starkin Delicious,1.0,0.0,2.0,1.35,87.5,0.5,4257.575757575758
Starkrimson Delicious,5.0,0.0,2.0,2.5,91.0,2.5,4257.575757575758
JonaGold,1.5,0.0,2.5,2.6,89.0,0.75,4257.575757575758
Braeburn,2.0,0.0,1.0,1.75,89.5,1.0,4257.575757575758
Cripps Pink (Pink Lady),1.0,0.0,1.0,1.75,87.5,0.5,4257.575757575758
Summer Red,3.0,0.0,1.25,2.5,89.5,2.0,4257.575757575758
Red Chief,1.0,0.0,3.0,1.0,92.5,0.5,4257.575757575758
Vista Bella,3.0,1.0,2.1,2.2,87.5,2.0,4257.575757575758
Jersey Mac,2.0,0.0,2.1,2.2,87.5,1.0,4257.575757575758
Amasya,4.0,2.0,3.0,4.0,87.5,3.0,4257.575757575758
Honeycrisp,2.0,0.0,2.0,1.5,87.5,1.0,4257.575757575758
Golden Delicious,1.0,0.0,2.5,2.0,91.0,0.75,4307.070707070707
Gala,3.0,0.0,2.5,1.5,87.5,1.5,4307.070707070707
Granny Smith,1.0,-0.5,1.25,1.75,91.0,0.25,4307.070707070707
Starkin Delicious,1.0,0.0,2.0,1.35,87.5,0.5,4307.070707070707
Starkrimson Delicious,5.0,0.0,2.0,2.5,91.0,2.5,4307.070707070707
JonaGold,1.5,0.0,2.5,2.6,89.0,0.75,4307.070707070707
Braeburn,2.0,0.0,1.0,1.75,89.5,1.0,4307.070707070707
Cripps Pink (Pink Lady),1.0,0.0,1.0,1.75,87.5,0.5,4307.070707070707
Summer Red,3.0,0.0,1.25,2.5,89.5,2.0,4307.070707070707
Red Chief,1.0,0.0,3.0,1.0,92.5,0.5,4307.070707070707
Vista Bella,3.0,1.0,2.1,2.2,87.5,2.0,4307.070707070707
Jersey Mac,2.0,0.0,2.1,2.2,87.5,1.0,4307.070707070707
Amasya,4.0,2.0,3.0,4.0,87.5,3.0,4307.070707070707
Honeycrisp,2.0,0.0,2.0,1.5,87.5,1.0,4307.070707070707
Golden Delicious,1.0,0.0,2.5,2.0,91.0,0.75,4356.565656565656
Gala,3.0,0.0,2.5,1.5,87.5,1.5,4356.565656565656
Granny Smith,1.0,-0.5,1.25,1.75,91.0,0.25,4356.565656565656
Starkin Delicious,1.0,0.0,2.0,1.35,87.5,0.5,4356.565656565656
Starkrimson Delicious,5.0,0.0,2.0,2.5,91.0,2.5,4356.565656565656
JonaGold,1.5,0.0,2.5,2.6,89.0,0.75,4356.565656565656
Braeburn,2.0,0.0,1.0,1.75,89.5,1.0,4356.565656565656
Cripps Pink (Pink Lady),1.0,0.0,1.0,1.75,87.5,0.5,4356.565656565656
Summer Red,3.0,0.0,1.25,2.5,89.5,2.0,4356.565656565656
Red Chief,1.0,0.0,3.0,1.0,92.5,0.5,4356.565656565656
Vista Bella,3.0,1.0,2.1,2.2,87.5,2.0,4356.565656565656
Jersey Mac,2.0,0.0,2.1,2.2,87.5,1.0,4356.565656565656
Amasya,4.0,2.0,3.0,4.0,87.5,3.0,4356.565656565656
Honeycrisp,2.0,0.0,2.0,1.5,87.5,1.0,4356.565656565656
Golden Delicious,1.0,0.0,2.5,2.0,91.0,0.75,4406.060606060606
Gala,3.0,0.0,2.5,1.5,87.5,1.5,4406.060606060606
Granny Smith,1.0,-0.5,1.25,1.75,91.0,0.25,4406.060606060606
Starkin Delicious,1.0,0.0,2.0,1.35,87.5,0.5,4406.060606060606
Starkrimson Delicious,5.0,0.0,2.0,2.5,91.0,2.5,4406.060606060606
JonaGold,1.5,0.0,2.5,2.6,89.0,0.75,4406.060606060606
Braeburn,2.0,0.0,1.0,1.75,89.5,1.0,4406.060606060606
Cripps Pink (Pink Lady),1.0,0.0,1.0,1.75,87.5,0.5,4406.060606060606
Summer Red,3.0,0.0,1.25,2.5,89.5,2.0,4406.060606060606
Red Chief,1.0,0.0,3.0,1.0,92.5,0.5,4406.060606060606
Vista Bella,3.0,1.0,2.1,2.2,87.5,2.0,4406.060606060606
Jersey Mac,2.0,0.0,2.1,2.2,87.5,1.0,4406.060606060606
Amasya,4.0,2.0,3.0,4.0,87.5,3.0,4406.060606060606
Honeycrisp,2.0,0.0,2.0,1.5,87.5,1.0,4406.060606060606
Golden Delicious,1.0,0.0,2.5,2.0,91.0,0.75,4455.555555555556
Gala,3.0,0.0,2.5,1.5,87.5,1.5,4455.555555555556
Granny Smith,1.0,-0.5,1.25,1.75,91.0,0.25,4455.555555555556
Starkin Delicious,1.0,0.0,2.0,1.35,87.5,0.5,4455.555555555556
Starkrimson Delicious,5.0,0.0,2.0,2.5,91.0,2.5,4455.555555555556
JonaGold,1.5,0.0,2.5,2.6,89.0,0.75,4455.555555555556
Braeburn,2.0,0.0,1.0,1.75,89.5,1.0,4455.555555555556
Cripps Pink (Pink Lady),1.0,0.0,1.0,1.75,87.5,0.5,4455.555555555556
Summer Red,3.0,0.0,1.25,2.5,89.5,2.0,4455.555555555556
Red Chief,1.0,0.0,3.0,1.0,92.5,0.5,4455.555555555556
Vista Bella,3.0,1.0,2.1,2.2,87.5,2.0,4455.555555555556
Jersey Mac,2.0,0.0,2.1,2.2,87.5,1.0,4455.555555555556
Amasya,4.0,2.0,3.0,4.0,87.5,3.0,4455.555555555556
Honeycrisp,2.0,0.0,2.0,1.5,87.5,1.0,4455.555555555556
Golden Delicious,1.0,0.0,2.5,2.0,91.0,0.75,4505.050505050505
Gala,3.0,0.0,2.5,1.5,87.5,1.5,4505.050505050505
Granny Smith,1.0,-0.5,1.25,1.75,91.0,0.25,4505.050505050505
Starkin Delicious,1.0,0.0,2.0,1.35,87.5,0.5,4505.050505050505
Starkrimson Delicious,5.0,0.0,2.0,2.5,91.0,2.5,4505.050505050505
JonaGold,1.5,0.0,2.5,2.6,89.0,0.75,4505.050505050505
Braeburn,2.0,0.0,1.0,1.75,89.5,1.0,4505.050505050505
Cripps Pink (Pink Lady),1.0,0.0,1.0,1.75,87.5,0.5,4505.050505050505
Summer Red,3.0,0.0,1.25,2.5,89.5,2.0,4505.050505050505
Red Chief,1.0,0.0,3.0,1.0,92.5,0.5,4505.050505050505
Vista Bella,3.0,1.0,2.1,2.2,87.5,2.0,4505.050505050505
Jersey Mac,2.0,0.0,2.1,2.2,87.5,1.0,4505.050505050505
Amasya,4.0,2.0,3.0,4.0,87.5,3.0,4505.050505050505
Honeycrisp,2.0,0.0,2.0,1.5,87.5,1.0,4505.050505050505
Golden Delicious,1.0,0.0,2.5,2.0,91.0,0.75,4554.545454545455
Gala,3.0,0.0,2.5,1.5,87.5,1.5,4554.545454545455
Granny Smith,1.0,-0.5,1.25,1.75,91.0,0.25,4554.545454545455
Starkin Delicious,1.0,0.0,2.0,1.35,87.5,0.5,4554.545454545455
Starkrimson Delicious,5.0,0.0,2.0,2.5,91.0,2.5,4554.545454545455
JonaGold,1.5,0.0,2.5,2.6,89.0,0.75,4554.545454545455
Braeburn,2.0,0.0,1.0,1.75,89.5,1.0,4554.545454545455
Cripps Pink (Pink Lady),1.0,0.0,1.0,1.75,87.5,0.5,4554.545454545455
Summer Red,3.0,0.0,1.25,2.5,89.5,2.0,4554.545454545455
Red Chief,1.0,0.0,3.0,1.0,92.5,0.5,4554.545454545455
Vista Bella,3.0,1.0,2.1,2.2,87.5,2.0,4554.545454545455
Jersey Mac,2.0,0.0,2.1,2.2,87.5,1.0,4554.545454545455
Amasya,4.0,2.0,3.0,4.0,87.5,3.0,4554.545454545455
Honeycrisp,2.0,0.0,2.0,1.5,87.5,1.0,4554.545454545455
Golden Delicious,1.0,0.0,2.5,2.0,91.0,0.75,4604.040404040404
Gala,3.0,0.0,2.5,1.5,87.5,1.5,4604.040404040404
Granny Smith,1.0,-0.5,1.25,1.75,91.0,0.25,4604.040404040404
Starkin Delicious,1.0,0.0,2.0,1.35,87.5,0.5,4604.040404040404
Starkrimson Delicious,5.0,0.0,2.0,2.5,91.0,2.5,4604.040404040404
JonaGold,1.5,0.0,2.5,2.6,89.0,0.75,4604.040404040404
Braeburn,2.0,0.0,1.0,1.75,89.5,1.0,4604.040404040404
Cripps Pink (Pink Lady),1.0,0.0,1.0,1.75,87.5,0.5,4604.040404040404
Summer Red,3.0,0.0,1.25,2.5,89.5,2.0,4604.040404040404
Red Chief,1.0,0.0,3.0,1.0,92.5,0.5,4604.040404040404
Vista Bella,3.0,1.0,2.1,2.2,87.5,2.0,4604.040404040404
Jersey Mac,2.0,0.0,2.1,2.2,87.5,1.0,4604.040404040404
Amasya,4.0,2.0,3.0,4.0,87.5,3.0,4604.040404040404
Honeycrisp,2.0,0.0,2.0,1.5,87.5,1.0,4604.040404040404
Golden Delicious,1.0,0.0,2.5,2.0,91.0,0.75,4653.535353535353
Gala,3.0,0.0,2.5,1.5,87.5,1.5,4653.535353535353
Granny Smith,1.0,-0.5,1.25,1.75,91.0,0.25,4653.535353535353
Starkin Delicious,1.0,0.0,2.0,1.35,87.5,0.5,4653.535353535353
Starkrimson Delicious,5.0,0.0,2.0,2.5,91.0,2.5,4653.535353535353
JonaGold,1.5,0.0,2.5,2.6,89.0,0.75,4653.535353535353
Braeburn,2.0,0.0,1.0,1.75,89.5,1.0,4653.535353535353
Cripps Pink (Pink Lady),1.0,0.0,1.0,1.75,87.5,0.5,4653.535353535353
Summer Red,3.0,0.0,1.25,2.5,89.5,2.0,4653.535353535353
Red Chief,1.0,0.0,3.0,1.0,92.5,0.5,4653.535353535353
Vista Bella,3.0,1.0,2.1,2.2,87.5,2.0,4653.535353535353
Jersey Mac,2.0,0.0,2.1,2.2,87.5,1.0,4653.535353535353
Amasya,4.0,2.0,3.0,4.0,87.5,3.0,4653.535353535353
Honeycrisp,2.0,0.0,2.0,1.5,87.5,1.0,4653.535353535353
Golden Delicious,1.0,0.0,2.5,2.0,91.0,0.75,4703.030303030303
Gala,3.0,0.0,2.5,1.5,87.5,1.5,4703.030303030303
Granny Smith,1.0,-0.5,1.25,1.75,91.0,0.25,4703.030303030303
Starkin Delicious,1.0,0.0,2.0,1.35,87.5,0.5,4703.030303030303
Starkrimson Delicious,5.0,0.0,2.0,2.5,91.0,2.5,4703.030303030303
JonaGold,1.5,0.0,2.5,2.6,89.0,0.75,4703.030303030303
Braeburn,2.0,0.0,1.0,1.75,89.5,1.0,4703.030303030303
Cripps Pink (Pink Lady),1.0,0.0,1.0,1.75,87.5,0.5,4703.030303030303
Summer Red,3.0,0.0,1.25,2.5,89.5,2.0,4703.030303030303
Red Chief,1.0,0.0,3.0,1.0,92.5,0.5,4703.030303030303
Vista Bella,3.0,1.0,2.1,2.2,87.5,2.0,4703.030303030303
Jersey Mac,2.0,0.0,2.1,2.2,87.5,1.0,4703.030303030303
Amasya,4.0,2.0,3.0,4.0,87.5,3.0,4703.030303030303
Honeycrisp,2.0,0.0,2.0,1.5,87.5,1.0,4703.030303030303
Golden Delicious,1.0,0.0,2.5,2.0,91.0,0.75,4752.525252525253
Gala,3.0,0.0,2.5,1.5,87.5,1.5,4752.525252525253
Granny Smith,1.0,-0.5,1.25,1.75,91.0,0.25,4752.525252525253
Starkin Delicious,1.0,0.0,2.0,1.35,87.5,0.5,4752.525252525253
Starkrimson Delicious,5.0,0.0,2.0,2.5,91.0,2.5,4752.525252525253
JonaGold,1.5,0.0,2.5,2.6,89.0,0.75,4752.525252525253
Braeburn,2.0,0.0,1.0,1.75,89.5,1.0,4752.525252525253
Cripps Pink (Pink Lady),1.0,0.0,1.0,1.75,87.5,0.5,4752.525252525253
Summer Red,3.0,0.0,1.25,2.5,89.5,2.0,4752.525252525253
Red Chief,1.0,0.0,3.0,1.0,92.5,0.5,4752.525252525253
Vista Bella,3.0,1.0,2.1,2.2,87.5,2.0,4752.525252525253
Jersey Mac,2.0,0.0,2.1,2.2,87.5,1.0,4752.525252525253
Amasya,4.0,2.0,3.0,4.0,87.5,3.0,4752.525252525253
Honeycrisp,2.0,0.0,2.0,1.5,87.5,1.0,4752.525252525253
Golden Delicious,1.0,0.0,2.5,2.0,91.0,0.75,4802.020202020202
Gala,3.0,0.0,2.5,1.5,87.5,1.5,4802.020202020202
Granny Smith,1.0,-0.5,1.25,1.75,91.0,0.25,4802.020202020202
Starkin Delicious,1.0,0.0,2.0,1.35,87.5,0.5,4802.020202020202
Starkrimson Delicious,5.0,0.0,2.0,2.5,91.0,2.5,4802.020202020202
JonaGold,1.5,0.0,2.5,2.6,89.0,0.75,4802.020202020202
Braeburn,2.0,0.0,1.0,1.75,89.5,1.0,4802.020202020202
Cripps Pink (Pink Lady),1.0,0.0,1.0,1.75,87.5,0.5,4802.020202020202
Summer Red,3.0,0.0,1.25,2.5,89.5,2.0,4802.020202020202
Red Chief,1.0,0.0,3.0,1.0,92.5,0.5,4802.020202020202
Vista Bella,3.0,1.0,2.1,2.2,87.5,2.0,4802.020202020202
Jersey Mac,2.0,0.0,2.1,2.2,87.5,1.0,4802.020202020202
Amasya,4.0,2.0,3.0,4.0,87.5,3.0,4802.020202020202
Honeycrisp,2.0,0.0,2.0,1.5,87.5,1.0,4802.020202020202
Golden Delicious,1.0,0.0,2.5,2.0,91.0,0.75,4851.515151515152
Gala,3.0,0.0,2.5,1.5,87.5,1.5,4851.515151515152
Granny Smith,1.0,-0.5,1.25,1.75,91.0,0.25,4851.515151515152
Starkin Delicious,1.0,0.0,2.0,1.35,87.5,0.5,4851.515151515152
Starkrimson Delicious,5.0,0.0,2.0,2.5,91.0,2.5,4851.515151515152
JonaGold,1.5,0.0,2.5,2.6,89.0,0.75,4851.515151515152
Braeburn,2.0,0.0,1.0,1.75,89.5,1.0,4851.515151515152
Cripps Pink (Pink Lady),1.0,0.0,1.0,1.75,87.5,0.5,4851.515151515152
Summer Red,3.0,0.0,1.25,2.5,89.5,2.0,4851.515151515152
Red Chief,1.0,0.0,3.0,1.0,92.5,0.5,4851.515151515152
Vista Bella,3.0,1.0,2.1,2.2,87.5,2.0,4851.515151515152
Jersey Mac,2.0,0.0,2.1,2.2,87.5,1.0,4851.515151515152
Amasya,4.0,2.0,3.0,4.0,87.5,3.0,4851.515151515152
Honeycrisp,2.0,0.0,2.0,1.5,87.5,1.0,4851.515151515152
Golden Delicious,1.0,0.0,2.5,2.0,91.0,0.75,4901.010101010101
Gala,3.0,0.0,2.5,1.5,87.5,1.5,4901.010101010101
Granny Smith,1.0,-0.5,1.25,1.75,91.0,0.25,4901.010101010101
Starkin Delicious,1.0,0.0,2.0,1.35,87.5,0.5,4901.010101010101
Starkrimson Delicious,5.0,0.0,2.0,2.5,91.0,2.5,4901.010101010101
JonaGold,1.5,0.0,2.5,2.6,89.0,0.75,4901.010101010101
Braeburn,2.0,0.0,1.0,1.75,89.5,1.0,4901.010101010101
Cripps Pink (Pink Lady),1.0,0.0,1.0,1.75,87.5,0.5,4901.010101010101
Summer Red,3.0,0.0,1.25,2.5,89.5,2.0,4901.010101010101
Red Chief,1.0,0.0,3.0,1.0,92.5,0.5,4901.010101010101
Vista Bella,3.0,1.0,2.1,2.2,87.5,2.0,4901.010101010101
Jersey Mac,2.0,0.0,2.1,2.2,87.5,1.0,4901.010101010101
Amasya,4.0,2.0,3.0,4.0,87.5,3.0,4901.010101010101
Honeycrisp,2.0,0.0,2.0,1.5,87.5,1.0,4901.010101010101
Golden Delicious,1.0,0.0,2.5,2.0,91.0,0.75,4950.50505050505
Gala,3.0,0.0,2.5,1.5,87.5,1.5,4950.50505050505
Granny Smith,1.0,-0.5,1.25,1.75,91.0,0.25,4950.50505050505
Starkin Delicious,1.0,0.0,2.0,1.35,87.5,0.5,4950.50505050505
Starkrimson Delicious,5.0,0.0,2.0,2.5,91.0,2.5,4950.50505050505
JonaGold,1.5,0.0,2.5,2.6,89.0,0.75,4950.50505050505
Braeburn,2.0,0.0,1.0,1.75,89.5,1.0,4950.50505050505
Cripps Pink (Pink Lady),1.0,0.0,1.0,1.75,87.5,0.5,4950.50505050505
Summer Red,3.0,0.0,1.25,2.5,89.5,2.0,4950.50505050505
Red Chief,1.0,0.0,3.0,1.0,92.5,0.5,4950.50505050505
Vista Bella,3.0,1.0,2.1,2.2,87.5,2.0,4950.50505050505
Jersey Mac,2.0,0.0,2.1,2.2,87.5,1.0,4950.50505050505
Amasya,4.0,2.0,3.0,4.0,87.5,3.0,4950.50505050505
Honeycrisp,2.0,0.0,2.0,1.5,87.5,1.0,4950.50505050505
Golden Delicious,1.0,0.0,2.5,2.0,91.0,0.75,5000.0
Gala,3.0,0.0,2.5,1.5,87.5,1.5,5000.0
Granny Smith,1.0,-0.5,1.25,1.75,91.0,0.25,5000.0
Starkin Delicious,1.0,0.0,2.0,1.35,87.5,0.5,5000.0
Starkrimson Delicious,5.0,0.0,2.0,2.5,91.0,2.5,5000.0
JonaGold,1.5,0.0,2.5,2.6,89.0,0.75,5000.0
Braeburn,2.0,0.0,1.0,1.75,89.5,1.0,5000.0
Cripps Pink (Pink Lady),1.0,0.0,1.0,1.75,87.5,0.5,5000.0
Summer Red,3.0,0.0,1.25,2.5,89.5,2.0,5000.0
Red Chief,1.0,0.0,3.0,1.0,92.5,0.5,5000.0
Vista Bella,3.0,1.0,2.1,2.2,87.5,2.0,5000.0
Jersey Mac,2.0,0.0,2.1,2.2,87.5,1.0,5000.0
Amasya,4.0,2.0,3.0,4.0,87.5,3.0,5000.0
Honeycrisp,2.0,0.0,2.0,1.5,87.5,1.0,5000.0
